name,category,tier,deadline,eligibility,cost,aid,notes,url,source,confidence,reason,blocked,http_status,final_url,deadline_found,cost_found,prize_found,verified_at
Yale Young Global Scholars (YYGS),ct_local,🟢 Watch List,2027-01-10,Current high school sophomore or junior. Must be at least 16 years old by program start.,6500,Need-based financial aid available covering up to 100% of program fee. ~35-40% of participants receive aid. Need-aware for international applicants.,"Highly selective. Early Action has slightly higher acceptance rate. $6,500 covers tuition, housing, meals, materials. Travel not included. CT-based but draws global applicants.",https://globalscholars.yale.edu/,web,HIGH,site_accessible,False,200,https://globalscholars.yale.edu/,False,False,False,2026-05-28T01:05:50.540976+00:00
"Jackson Laboratory High School Summer Student Program (Farmington, CT)",ct_local,🟢 Watch List,2027-01-31,"Current high school juniors and seniors (rising juniors/seniors). Must be 16+ by program start. U.S. citizenship or permanent residency generally required. Strong science background (AP Biology, AP Chemistry recommended).",0,"Paid program — $3,500 stipend for 6 weeks.","Prestigious biomedical research program. Applications open December, close late January. Program runs ~mid-June through late July. Highly competitive for high school students.",https://www.jax.org/education/high-school-students/high-school-summer-student-program,web,HIGH,site_accessible,False,404,https://www.jax.org/education/high-school-students/high-school-summer-student-program,False,True,False,2026-05-28T01:05:50.540976+00:00
UConn PNB Summer High School Research Program,ct_local,🟢 Watch List,2027-03-01,"High school students, typically rising juniors and seniors. Must be 16+ by program start. Connecticut residency preferred.",0,"Paid — stipend of approximately $2,000-$3,000 for 6 weeks (~30-35 hrs/week).",UConn Department of Physiology & Neurobiology. Strong hands-on lab experience. No cost; paid stipend. Good for students interested in neuroscience/pre-med.,https://pnb.uconn.edu/education/high-school-summer-research/,web,HIGH,site_accessible,False,404,https://pnb.uconn.edu/education/high-school-summer-research/,False,True,True,2026-05-28T01:05:50.540976+00:00
UConn InSPIRE High School Research Internship,ct_local,🟢 Watch List,2027-02-10,"High school juniors and seniors (ages 16+). Strong STEM academic record. Requires resume, transcript, personal statement, and science teacher recommendation.",0,Paid internship — stipend provided.,"Located at UConn Health in Farmington, CT. Research areas: infectious disease, microbiology, immunology. Competitive admissions.",https://inspiring.uconn.edu/inspire-high-school-research-internship-program/,web,LOW,network_error,True,0,https://inspiring.uconn.edu/inspire-high-school-research-internship-program/,False,False,False,2026-05-28T01:05:50.540976+00:00
UConn MentorConnect High School Research Program,ct_local,🟢 Watch List,2027-03-15,"High school students, typically rising juniors and seniors. Must be 16+ for most positions. CT residency preferred.",0,Program is free; some positions may offer stipends (varies by mentor/department).,"Broad research areas beyond STEM. Best approach: create profile in fall, reach out to faculty directly. Applications open in winter, matching through spring.",https://mentorconnect.uconn.edu/,web,LOW,network_error,True,0,https://mentorconnect.uconn.edu/,False,False,False,2026-05-28T01:05:50.540976+00:00
Yale Pathways to Science Summer Program,ct_local,🟢 Watch List,2027-02-27,"Current high school students in grades 9-12. Must be at least 14 by program start. No GPA minimum, but must demonstrate strong STEM interest.",0,"Completely free — includes tuition, housing, meals, and all activities. Students cover transportation to/from Yale only.","Accessible entry to Yale STEM. Requires teacher recommendation, transcript, personal statement (~500 words). Competitive but lower barrier than YYGS. CT-based students have no travel cost.",https://summer.yale.edu/study-yale-summer/programs-high-school-students/pathways-science,web,HIGH,site_accessible,False,404,https://summer.yale.edu/study-yale-summer/programs-high-school-students/pathways-science,False,True,False,2026-05-28T01:05:50.540976+00:00
UConn ECE Summer High School Research Internship,ct_local,🟢 Watch List,2027-03-01,"Rising 11th and 12th grade high school students. Interest in engineering, IoT, and biosensors.",0,Paid — stipend of $500-$700 for the 2-week session.,"Short commitment (2 weeks) but focused, hands-on prototyping. UConn Storrs campus. Good for exploring engineering before committing to longer programs.",https://ece.uconn.edu/internships-and-careers/summer-internships/high-school/,web,HIGH,site_accessible,False,200,https://ece.uconn.edu/internships-and-careers/summer-internships/high-school/,False,True,False,2026-05-28T01:05:50.540976+00:00
Connecticut Science & Engineering Fair (CSEF),ct_local,🟢 Watch List,2026-12-01,"CT residents or students enrolled in CT schools (grades 7-12). Fishers Island, NY students also eligible.",0,No cost to participate. Prizes and scholarships awarded to winners. ISEF advancement unlocks additional awards and prestige.,ISEF affiliation adds significant college app value. Start project research in summer/early fall. 2026 fair was March 8 at Quinnipiac University. Check for 2027 dates from late 2026.,https://ctsciencefair.org/,web,HIGH,site_accessible,False,200,https://ctsciencefair.org/,False,True,True,2026-05-28T01:05:50.540976+00:00
UConn Health Summer High School Research Internship,ct_local,🟢 Watch List,2027-02-15,"Connecticut residents, rising juniors and seniors. Must be 16+ by program start.",0,Paid program — stipend provided.,UConn Health's main high school research pathway. Biomedical/clinical focus. Farmington campus. Requires transcript and recommendations.,https://health.uconn.edu/education/high-school-research-internship/,web,HIGH,site_accessible,False,404,https://health.uconn.edu/education/high-school-research-internship/,False,True,False,2026-05-28T01:05:50.540976+00:00
PSAT/NMSQT 2025,exams,🟢 Watch List,TBD,11th grade (rising 12th) or 10th grade (rising 11th) can also take it,18,Fee waivers available for qualifying low-income students,"Test date: October 2025 (primary Wednesday + Saturday alternate, exact dates TBA by school). Registration handled entirely by your high school — contact the guidance counselor. Fee capped at $18 by College Board. School coordinates its own internal registration deadline (likely late Aug/early Sep 2025). Also qualifies students for National Merit Scholarship Program. Registration: https://satsuite.collegeboard.org/psat-nmsqt; repeats annually, check for 2027 dates",https://satsuite.collegeboard.org/psat-nmsqt,web,HIGH,site_accessible,False,200,https://satsuite.collegeboard.org/psat-nmsqt,False,True,True,2026-05-28T01:05:50.540976+00:00
SAT — August 2026,exams,🟢 Watch List,2026-08-07,All students,68,Fee waivers available for eligible low-income 11th/12th graders covering full cost plus free score sends,"Test date: August 22, 2026. Late registration deadline: August 11, 2026 ($38 late fee). Digital format. Registration: https://satsuite.collegeboard.org/sat/dates-deadlines",https://satsuite.collegeboard.org/sat/dates-deadlines,web,HIGH,site_accessible,False,200,https://satsuite.collegeboard.org/sat/dates-deadlines,True,False,True,2026-05-28T01:05:50.540976+00:00
ACT — September 2026 (projected),exams,🟢 Watch List,2026-08-14,All students,71,Fee waivers available for eligible low-income students (up to 4 free tests),"Projected test date: September 12, 2026. Late registration (projected): August 28, 2026 (+$39 late fee). ACT with Writing costs $97. Official schedule expected spring 2026. Registration: https://www.act.org/content/act/en/products-and-services/the-act/registration.html",https://www.act.org/content/act/en/products-and-services/the-act/registration.html,web,HIGH,site_accessible,False,200,https://www.act.org/content/act/en/products-and-services/the-act/registration.html,False,True,True,2026-05-28T01:05:50.540976+00:00
CLT — February 2026,exams,🟢 Watch List,TBD,11th/12th graders (and adults),60,Fee waivers available for eligible low-income students; one free retake for all testers,"Test date: February 14, 2026. Register at cltexam.com/register. CLT10 ($50) and CLT8 ($45) also available. Accepted by ~250+ colleges including many Christian/classical schools and a growing number of mainstream universities. Registration: https://www.cltexam.com/register/; repeats annually, check for 2027 dates",https://www.cltexam.com/register/,web,HIGH,site_accessible,False,200,https://www.cltexam.com/register/,False,False,False,2026-05-28T01:05:50.540976+00:00
Junior Olympics 2027,fencing,🟢 Watch List,2027-01-14,U.S. Fencing competitive membership required. Born 2007-2011 for Cadet; born 2005-2009 for Junior. Must qualify through regional points or at-large application.,150.0,False,"Registration typically opens Oct-Nov 2026. Early reg ~$150/event, late ~$225. Considered the most prestigious youth national championship.",https://www.usafencing.org/junior-olympics,web,HIGH,site_accessible,False,404,https://www.usafencing.org/junior-olympics,False,False,False,2026-05-28T01:05:50.540976+00:00
Summer Nationals 2026 & July Challenge,fencing,🔴 Action This Week,2026-06-14,Valid USA Fencing competitive membership. Qualification required for Division I and some youth events; Division II/III open to all with membership and appropriate rating.,170.0,False,"Early reg ~$140-170/event, standard ~$200-230/event. Late reg ~$260-310/event. Portland is a travel destination. Register early for best rates.",https://www.usafencing.org/2026-national-championships-july-challenge,web,HIGH,site_accessible,False,404,https://www.usafencing.org/2026-national-championships-july-challenge,False,False,False,2026-05-28T01:05:50.540976+00:00
February NAC 2026 - Cincinnati,fencing,🟢 Watch List,TBD,Valid USA Fencing competitive membership. Open to all fencers with age-appropriate and classification-appropriate events.,150.0,False,"Regular reg $150/event (deadline Jan 28), late $225/event (deadline Jan 31). Admin fee ~$5.25. FIE 1600N mask required for senior events.; repeats annually, check for 2027 dates",https://www.usafencing.org/2025-2026-nac-info,web,HIGH,site_accessible,False,404,https://www.usafencing.org/2025-2026-nac-info,False,False,False,2026-05-28T01:05:50.540976+00:00
March NAC 2026 - Cleveland,fencing,🟢 Watch List,TBD,Valid USA Fencing membership. Y14 for ages 14 and under; Division II for fencers with C rating or below.,85.0,False,"Closest NAC to CT. Driving distance from Connecticut (~7 hours). Estimated cost $75-100 per event (early reg).; repeats annually, check for 2027 dates",https://www.usafencing.org/march-nac,web,HIGH,site_accessible,False,404,https://www.usafencing.org/march-nac,False,False,False,2026-05-28T01:05:50.540976+00:00
April NAC / Division I & Parafencing Nationals 2026 - Richmond,fencing,🟢 Watch List,TBD,Division I requires national points or qualifying result. Junior (U20) is open entry with USA Fencing membership.,150.0,False,Closer to CT than West Coast events. Junior event is open entry. Division I requires qualification but Junior is the main draw for rising 11th graders.; deadline may have passed,https://www.usafencing.org/events-national,web,HIGH,site_accessible,False,200,https://www.usafencing.org/events-national,False,False,False,2026-05-28T01:05:50.540976+00:00
U.S. Fencing Center College Prep Recruiting Camp,fencing,🟡 Prep Now,2026-07-01,High school fencers entering grades 9-12 in Fall 2026. 2025 graduates also eligible.,525.0,False,"$525 includes instruction, college seminar, individual recruiting video, and T-shirt. Camp runs 10am-3pm daily. San Antonio location (flight required from CT).",https://www.usfencingcenter.com/college-prep-recruiting-camp,web,LOW,network_error,True,0,https://www.usfencingcenter.com/college-prep-recruiting-camp,False,False,False,2026-05-28T01:05:50.540976+00:00
Columbia University Fencing National Team Camp 2026,fencing,🟡 Prep Now,2026-07-01,"Competitive fencers, typically ages 13-18 with tournament experience. National Team Camp tier for advanced fencers.",1295.0,False,"Commuter $875, Overnight $1,295 (2025 pricing; 2026 TBD). National Team Camp $1,000 commuter / $1,450 overnight. $30 late fee after May 1. $100 deposit required. One of the top college camps accessible from CT.",https://columbiafencingcamp.com,web,LOW,network_error,True,0,https://columbiafencingcamp.com,False,False,False,2026-05-28T01:05:50.540976+00:00
Candlewood Fencing Center Pre-Nats Competitive Foil Camp,fencing,🔴 Action This Week,2026-06-15,"Fencers of all experience levels, split by weapon and experience. Competitive foil track available.",550.0,False,$550 for Pre-Nats Foil Camp. $600 for regular Norwalk Foil Camp. Local to CT - no travel costs. Private lesson add-ons available for $50.,https://www.candlewoodfencing.com/camps,web,HIGH,site_accessible,False,200,https://www.candlewoodfencing.com/camps,False,False,False,2026-05-28T01:05:50.540976+00:00
Vassar College Prep Fencing Camp 2026,fencing,🟡 Prep Now,2026-07-15,High school fencers grades 9-12 interested in college fencing.,950.0,False,2025 pricing: ~$875-950. Overnight camp at Vassar's campus. Focus on recruiting strategy and college preparation alongside fencing training.,https://www.vassarfencingcamp.com/college-prep,web,LOW,network_error,True,0,https://www.vassarfencingcamp.com/college-prep,False,False,False,2026-05-28T01:05:50.540976+00:00
NYAC Fencing College Prep Camp 2026,fencing,🔴 Action This Week,2026-06-01,High school fencers preparing for college recruiting.,800.0,False,2025 camp was $600-800 range for week. 2026 dates TBD (likely June). One of the most prestigious fencing clubs in the U.S. Travel from CT via train is simple.,https://www.nyacfencingcamps.com/,web,LOW,network_error,True,0,https://www.nyacfencingcamps.com/,False,False,False,2026-05-28T01:05:50.540976+00:00
National Merit Scholarship Program,general_competitions,🟢 Watch List,2026-10-15,U.S. high school juniors (class of 2028); U.S. citizen or permanent resident; must take PSAT/NMSQT in fall of junior year,0,"Up to $2,500 one-time national scholarships; corporate and college-sponsored awards vary","Entry is through the PSAT/NMSQT, administered by College Board. Semifinalists (~16,000) announced September 2027. ~15,000 Finalists. ~7,500 winners. The PSAT is typically taken mid-October.",https://www.nationalmerit.org/s/1758/interior.aspx?sid=1758&gid=2&pgid=424,web,HIGH,site_accessible,False,200,https://www.nationalmerit.org/s/1758/interior.aspx?sid=1758&gid=2&pgid=424,False,True,True,2026-05-28T01:05:50.540976+00:00
Regeneron Science Talent Search (STS),general_competitions,🟢 Watch List,2027-11-10,U.S. high school seniors (class of 2028) and U.S. citizens abroad; must submit original independent research,0,"Top 300: $2,000 (+ $2,000 to school). Top 40 Finalists: min $25,000 + all-expenses trip to DC. Top 10: $40,000-$250,000. Total >$1.8M.","Application opens June 1, 2027. Deadline typically mid-November. Requires: research report, transcript, test scores (optional), essays, recommendations, activities list. Top 300 announced Jan 2028; Top 40 Jan 2028; Finals Week in DC March 2028.",https://www.societyforscience.org/regeneron-sts/,web,HIGH,site_accessible,False,200,https://www.societyforscience.org/regeneron-sts/,False,True,True,2026-05-28T01:05:50.540976+00:00
Davidson Fellows Scholarship,general_competitions,🟢 Watch List,2027-02-10,"Must be 18 or younger as of deadline; U.S. citizen or permanent resident residing in U.S., or on active U.S. military duty overseas",0,"$100,000 (few), $50,000, or $25,000 scholarships",Application opens Fall 2026. Two nominator forms required plus category-specific attachments. Winners must attend in-person/virtual awards ceremony in DC. Two-person teams allowed. 'Outside the Box' category for interdisciplinary work.,https://www.davidsongifted.org/gifted-programs/fellows-scholarship/,web,HIGH,site_accessible,False,200,https://www.davidsongifted.org/gifted-programs/fellows-scholarship/,False,True,True,2026-05-28T01:05:50.540976+00:00
U.S. Presidential Scholars Program,general_competitions,🟢 Watch List,2028-01-15,U.S. citizen or permanent resident; high school senior graduating Jan-Aug 2028; must take SAT or ACT on or before October 2027,0,Presidential Scholar medallion and recognition; no cash award but carries significant distinction for college admissions,Application opens August 2027. Testing deadline: SAT/ACT must be taken by Oct 2027 (end of junior year). General component students are initially identified via SAT/ACT scores — no initial application needed. CTE requires state nomination. Arts requires YoungArts participation. 1 boy + 1 girl per state + at-large.,https://www2.ed.gov/programs/psp/index.html,web,HIGH,site_accessible,False,404,https://www.ed.gov/programs/psp/index.html,False,True,True,2026-05-28T01:05:50.540976+00:00
U.S. Senate Youth Program (USSYP),general_competitions,🟢 Watch List,2027-10-01,High school junior or senior (class of 2028 or 2029) serving in an elected or appointed student government position for the 2027-2028 school year,0,"$10,000 undergraduate college scholarship (for each of 104 delegates); all-expenses-paid trip to Washington, D.C.","Application process managed by state Departments of Education. Deadline varies by state (typically Sep-Nov 2027). 63rd Annual Program: Washington Week March 2028. Extremely competitive — 2 per state. 62nd program (2026-27) held March 6-9, 2027.",https://www.ussenateyouth.org/,web,HIGH,site_accessible,False,200,https://www.ussenateyouth.org/,False,True,True,2026-05-28T01:05:50.540976+00:00
Prudential Spirit of Community Awards,general_competitions,🟢 Watch List,2027-11-05,U.S. students grades 5-12 (rising 11th grader eligible) who have engaged in volunteer service,0,"State Honorees: $1,000 + engraved silver medallion + expense-paid trip to DC. National Honorees: additional $5,000 + gold medallion + crystal trophy for school/nonprofit","Application opens August 2027, deadline early November 2027. 75 State Honorees (middle + high school per state + DC). 10 National Honorees. Running since 1995. Program is a competitive national award, distinct from the hour-based President's Volunteer Service Award.",https://spirit.prudential.com/,web,LOW,network_error,True,0,https://spirit.prudential.com/,False,False,False,2026-05-28T01:05:50.540976+00:00
Regeneron International Science and Engineering Fair (ISEF),general_competitions,🟢 Watch List,2027-04-01,Grades 9-12 (rising 11th grader eligible); must first compete in and win an ISEF-affiliated regional/state science fair,Varies by affiliated fair (typically $0-$50 for fair registration),"Top award: $75,000. Over $8M total annually. Multiple category awards, special awards, and scholarships from partner organizations.","ISEF 2027 projected for May 2027 (likely 2nd-3rd week). 22 STEM categories. ~1,800 finalists from ~75 countries. Rising 11th grader should start research project summer 2026 and identify local affiliated fair by Fall 2026. ISEF 2026 in Columbus, OH (May 10-15, 2026).",https://www.societyforscience.org/isef/,web,HIGH,site_accessible,False,200,https://www.societyforscience.org/isef/,False,False,True,2026-05-28T01:05:50.540976+00:00
Junior Science and Humanities Symposium (JSHS),general_competitions,🟢 Watch List,2028-01-15,High school students grades 9-12 (rising 11th grader eligible); U.S. citizen or permanent resident,0,"National scholarships up to $12,000; regional awards vary. All-expenses-paid national symposium for regional winners.",Regional deadlines vary (typically Oct-Jan). Rising 11th grader should start research project summer 2026-2027. Administered by National Youth Science Foundation. 5 regional symposia covering the U.S. Winners advance to National JSHS. Website currently being updated for 2027-2028 cycle.,https://www.jshs.org/,web,HIGH,site_accessible,False,200,https://www.jshs.org/,False,True,True,2026-05-28T01:05:50.540976+00:00
Yale Young Global Scholars — Law & Politics (LPC),law_civics,🟢 Watch List,TBD,"Grade 10-11, age 16-18 by program start",6595,Need-based financial aid available (applied within main application),"3 sessions offered Jun-Jul 2026 (similar to 2025 structure). $6,500 tuition + ~$95 application fee. Highly selective. Sessions: ~Jun 22-Jul 4, Jul 6-18, Jul 20-Aug 1. Early Action recommended.; repeats annually, check for 2027 dates",https://globalscholars.yale.edu/programs/law-politics,web,HIGH,site_accessible,False,404,https://globalscholars.yale.edu/programs/law-politics,False,False,True,2026-05-28T01:05:50.540976+00:00
National High School Mock Trial Championship (NHSMTC),law_civics,🟢 Watch List,TBD,High school students on a team that wins its state mock trial championship,1000,Varies by state; some state bar associations offer travel grants,"CT state finals held at CT Supreme Court. Civics First (civicsfirstct.org) runs CT high school mock trial. Staples, Hall, Wilton, Greenwich are top CT programs. 2025 nationals were in Hartford CT; 2026 location TBD.; deadline may have passed",https://nationalmocktrial.org,web,HIGH,site_accessible,False,200,https://nationalmocktrial.org,False,False,False,2026-05-28T01:05:50.540976+00:00
Empire Mock Trial National Championship,law_civics,🟢 Watch List,TBD,High school mock trial teams (grades 9-12),2500,Need-based scholarships available for qualifying teams,"April 17-19, 2026 in Los Angeles, CA. $1,500-$2,500 estimated team fee plus travel/lodging. Competitive invitation/application process. Registration opens fall 2025.; repeats annually, check for 2027 dates",https://www.empiremocktrial.org,web,HIGH,site_accessible,False,200,https://www.empiremocktrial.org,False,False,False,2026-05-28T01:05:50.540976+00:00
National Mock Trial Invitational (NMTI) — Chicago,law_civics,🟢 Watch List,TBD,High school mock trial teams by invitation/application,375,None specified,"Feb 6-8, 2026 in Chicago. $375/team registration + mandatory hotel block (min 5 rooms, 3 nights). Roster cap: 15 students. Run by Intraspect Legal Foundation.; repeats annually, check for 2027 dates",https://www.nmtichicago.com,web,LOW,network_error,True,0,https://www.nmtichicago.com,False,False,False,2026-05-28T01:05:50.540976+00:00
Princeton Model Congress (PMC),law_civics,🟢 Watch List,TBD,High school students (grades 9-12),185,Need-based aid may be available; contact organizers,"Feb 15-18, 2026 at Washington Hilton, Washington DC. $185/student registration fee (covers materials, committees, events). Travel/lodging/meals not included. Session topics include congressional debate, Supreme Court simulation.; repeats annually, check for 2027 dates",https://www.princetonmodelcongress.com,web,HIGH,site_accessible,False,200,https://www.princetonmodelcongress.com,False,False,False,2026-05-28T01:05:50.540976+00:00
Harvard Model Congress (HMC) — Boston,law_civics,🟢 Watch List,TBD,High school students (grades 9-12),300,Some scholarships available; check website,"Late Feb / early Mar 2026 in Boston, MA. ~$200-$300 delegate registration. Hotel packages offered separately. Also has San Francisco, Asia, Middle East, and Europe conferences.; repeats annually, check for 2027 dates",https://www.harvardmodelcongress.org,web,HIGH,site_accessible,False,200,https://www.harvardmodelcongress.org,False,False,False,2026-05-28T01:05:50.540976+00:00
National High School Moot Court Competition (AMCA),law_civics,🟢 Watch List,TBD,"High school students (grades 9-12), teams of 2",250,Some regional hosts offer fee waivers,"Registration opens Aug-Sep. Regional qualifiers Jan-Feb 2026. National Championship Mar-Apr 2026. $150-$300 team fee. Case problem released Sep-Oct. Teams argue both Petitioner and Respondent sides.; repeats annually, check for 2027 dates",https://americanmootcourt.org,web,LOW,network_error,True,0,https://americanmootcourt.org,False,False,False,2026-05-28T01:05:50.540976+00:00
We the People: The Citizen and the Constitution — National Finals,law_civics,🟢 Watch List,TBD,High school students (grades 9-12) on a team that wins state competition,875,Many schools fundraise; state bar associations and grants available,"National Finals Apr 24-28, 2026 at Gaylord National Resort, National Harbor MD. $875/team registration. Total team cost $20k-30k including travel/lodging for 20-25 students. 6 units covering constitutional themes.; repeats annually, check for 2027 dates",https://civiced.org/programs/wtp-high-school,web,HIGH,site_accessible,False,404,https://civiced.org/programs/wtp-high-school,False,True,False,2026-05-28T01:05:50.540976+00:00
Telluride Association Summer Program (TASP),law_civics,🟢 Watch List,TBD,"High school juniors (rising seniors), any country",0,"Fully funded — tuition, room, board, books, field trips, and travel all covered","~3-5% acceptance rate. Application opens Nov 2025. 6 weeks late Jun-early Aug. U.S. and international students eligible. No GPA requirement — looks for intellectual curiosity. Seminars often at Cornell or University of Michigan. Eligible for 2027 summer only.; repeats annually, check for 2027 dates",https://www.tellurideassociation.org/our-programs/high-school-programs/tasp/,web,HIGH,site_accessible,False,404,https://tellurideassociation.org/our-programs/high-school-programs/tasp/,False,True,True,2026-05-28T01:05:50.540976+00:00
YMCA Youth Conference on National Affairs (CONA),law_civics,🟢 Watch List,TBD,High school students who qualify through state YMCA Youth & Government program,1120,Need-based scholarships may be available through local YMCA,"Jun 28-Jul 3, 2026 at Blue Ridge Assembly, Black Mountain, NC. ~$1,120 plus travel. State-level YIG programs run Sep-Apr. Bill proposals, committee hearings, leadership development. CT YMCA Youth & Government contact needed.; deadline may have passed",https://www.ymcayg.org,web,LOW,network_error,True,0,https://www.ymcayg.org,False,False,False,2026-05-28T01:05:50.540976+00:00
Close Up Foundation — Washington DC High School Program,law_civics,🔴 Action This Week,2026-05-01,High school students (grades 9-12),2295,Need-based financial aid up to 50% of tuition; fundraising support available,"4-day, 5-day, and 7-day program options. $2,295 standard 5-day program (2025 pricing; 2026 similar or ~3-5% higher). Includes lodging, meals, program materials, insurance. Registration opens fall 2025. NextGen Roundtable: Decision 2026 also available.",https://www.closeup.org/high-school-programs,web,HIGH,site_accessible,False,404,https://www.closeup.org/high-school-programs,True,False,True,2026-05-28T01:05:50.540976+00:00
APIA Scholarship,scholarships,🟢 Watch List,2027-01-15,"AAPI heritage, high school senior enrolling as degree-seeking undergraduate at U.S. accredited college/university, U.S. citizen/permanent resident.",0.0,"$2,500 to $20,000","Indian American students are eligible as Asian American. Even though need is prioritized, merit and heritage are factors. Strong option given South Asian heritage alignment.",https://apiascholars.org/scholarships/,web,HIGH,site_accessible,False,200,https://apiascholars.org/scholarships/,False,False,True,2026-05-28T01:05:50.540976+00:00
Vincent Chin Scholarship (AALDEF),scholarships,🟢 Watch List,2026-08-01,"Asian American high school senior residing in Connecticut, Massachusetts, New Jersey, or New York. Pursuing higher education.",0.0,"$2,000","Directly available to CT residents. Named after Vincent Chin, civil rights icon. Emphasizes Asian American identity and community engagement in essays.",https://www.aaldef.org/vincent-chin-scholarship,web,HIGH,site_accessible,False,200,https://www.aaldef.org/vincent-chin-scholarship,False,False,True,2026-05-28T01:05:50.540976+00:00
OCA-UPS Gold Mountain Scholarship,scholarships,🟢 Watch List,2027-03-31,"Asian Pacific American (APA) high school senior, first-generation college student (neither parent completed a 4-year degree), U.S. citizen/permanent resident.",0.0,"$2,000",Good fit only if student is first-generation college attendee. Heritage-aligned for Indian American students. Typically opens December-February cycle.,https://www.ocanational.org/scholarships,web,HIGH,site_accessible,False,200,https://www.ocanational.org/scholarships,False,False,True,2026-05-28T01:05:50.540976+00:00
Hindu American Foundation Dharma Digest Scholarship,scholarships,🟢 Watch List,2027-02-14,High school senior planning to attend college in the fall. Must submit essay on Hindu philosophy prompt.,0.0,"$5,000","Strong cultural fit for Indian American Hindu student. Essay-based competition. Deadline typically February. Only one winner per cycle, so competitive but niche audience reduces applicant pool.",https://www.hinduamerican.org/dharma-digest-scholarship,web,HIGH,site_accessible,False,404,https://www.hinduamerican.org/dharma-digest-scholarship,False,False,False,2026-05-28T01:05:50.540976+00:00
Prudential Emerging Visionaries,scholarships,🟢 Watch List,2027-02-05,"Ages 14-18, U.S. citizen/permanent resident, leading a project or initiative addressing a financial or societal challenge.",0.0,"$1,000 to $15,000 plus mentorship and summit",Leadership and community impact focused. Good fit for student with a community service or social entrepreneurship project. No income or ethnicity restrictions.,https://www.prudential.com/emerging-visionaries,web,HIGH,site_accessible,False,404,https://www.prudential.com/emerging-visionaries,False,False,False,2026-05-28T01:05:50.540976+00:00
Elks National Foundation Most Valuable Student Scholarship,scholarships,🟢 Watch List,2026-11-30,"Current high school senior, U.S. citizen, planning to enroll in a four-year U.S. college/university. Judged on scholarship, leadership, and financial need.",0.0,"$4,000 to $30,000 over four years",Large awards pool (500 winners). Financial need is a factor but not exclusive. High-income family may be at disadvantage on need criterion. Still worth applying given 500 award slots.,https://www.elks.org/scholars/scholarships/MVS.cfm,web,HIGH,site_accessible,False,200,https://www.elks.org/scholars/scholarships/MVS.cfm,False,False,True,2026-05-28T01:05:50.540976+00:00
USA Biology Olympiad (USABO) 2027,science_math,🟢 Watch List,2027-01-15,High school students grades 9-12 enrolled in a US school,free,merit,Excellent fit for a biology-interested student. Open Exam is free and administered at school. Should ask biology teacher in Fall 2026 to register as USABO test center. Prepare using Campbell Biology and USABO practice exams. High competitiveness but very achievable with dedicated study. Top 20 make National Finals (all expenses paid).,https://www.cee.org/programs/usa-biology-olympiad-usabo,web,HIGH,site_accessible,False,404,https://www.cee.org/programs/usa-biology-olympiad-usabo,False,False,False,2026-05-28T01:05:50.540976+00:00
Regeneron International Science & Engineering Fair (ISEF) 2027,science_math,🟢 Watch List,2027-02-01,"Grades 9-12, no older than 20; must qualify through an SSP-affiliated fair",free,merit,"Ultimate goal for science fair pipeline. Path: CSEF Jan registration -> CSEF March -> ISEF May. Extremely competitive but very strong signal for college admissions. Start research project ASAP. Consider university mentorship for higher-quality projects. Biology categories include Cellular/Molecular Bio, Microbiology, Biochemistry, Plant Sciences, Animal Sciences.",https://www.societyforscience.org/regeneron-isef/,web,HIGH,site_accessible,False,404,https://www.societyforscience.org/regeneron-isef/,False,False,True,2026-05-28T01:05:50.540976+00:00
AMC 12 A/B 2026,science_math,🟢 Watch List,2026-10-18,High school students in grade 12 or below; must take at a registered school site,varies,none,Strong alignment given student's STEM profile. Register through school in September 2026. Aim for AIME qualification (top ~5%). This is a junior-year opportunity. Consider taking AMC 10 as practice sophomore year if available. Indian American students often perform very well; no ethnic bias concern. Competitiveness for AIME is high but achievable with AoPS preparation.,https://maa.org/amc/explore-amc/competitions/amc-12,web,HIGH,site_accessible,False,404,https://maa.org/amc/explore-amc/competitions/amc-12,False,False,True,2026-05-28T01:05:50.540976+00:00
AIME (American Invitational Mathematics Examination) 2027,science_math,🟢 Watch List,2027-02-11,Invitation only: top ~2.5% AMC 10 scorers or top ~5% AMC 12 scorers,free,none,"This is the follow-on to AMC 12. Not a standalone opportunity — student must first do well on AMC 12. AIME qualification alone is a strong college admissions signal for STEM. AIME score of 7+ is competitive for selective programs. For biology interest, strong math foundation is complementary.",https://maa.org/amc/explore-amc/competitions/aime,web,HIGH,site_accessible,False,404,https://maa.org/amc/explore-amc/competitions/aime,False,False,True,2026-05-28T01:05:50.540976+00:00
Science Olympiad National Tournament 2027,science_math,🟢 Watch List,2026-10-01,"High school students (Div C, grades 9-12); membership is school-based, ~$250-300 per school team",varies,none,"Excellent team-based competition. Biology events include Anatomy & Physiology, Cell Biology, Disease Detectives, Ecology. Good for building broad science knowledge. Requires school team formation — check with teachers. Not as individually prestigious as USABO/ISEF but great for depth and team collaboration experience.",https://www.soinc.org,web,HIGH,site_accessible,False,200,https://www.soinc.org,False,False,True,2026-05-28T01:05:50.540976+00:00
BioGENEius Challenge 2027,science_math,🟢 Watch List,2027-02-12,High school students in grades 9-12,free,merit,"Terrific fit for biology interest with biotech focus. Can use same research project as science fair. Lower volume of applicants than ISEF, so potentially higher visibility. Strong signal for pre-med/biotech career interest.",https://biogeneius.org/,web,LOW,network_error,True,0,https://biogeneius.org/,False,False,False,2026-05-28T01:05:50.540976+00:00
MIT THINK Scholars Program 2027,science_math,🟢 Watch List,2027-01-01,High school students in the US,free,merit,"Less competitive than RSI but still prestigious. Good for testing a research idea with lower stakes. Funding of $1,000 helps cover project costs. Application is a proposal, not completed research — so student can apply with a summer 2027 research plan.",https://think.mit.edu/,web,HIGH,site_accessible,False,502,https://think.mit.edu/,False,False,False,2026-05-28T01:05:50.540976+00:00
Genes in Space 2027,science_math,🟢 Watch List,2027-04-17,"US students in grades 7-12, including US territories and DoD schools worldwide",free,merit,Unique opportunity combining biology and space. Less competitive than ISEF/USABO but very distinctive for college apps. The 'my experiment went to space' angle is memorable. Good supplemental activity alongside main research project.,https://www.genesinspace.org/,web,LOW,bot_wall_detected,True,200,https://www.genesinspace.org/,False,False,False,2026-05-28T01:05:50.540976+00:00
Research Science Institute (RSI) at MIT,summer_programs,🟢 Watch List,2026-12-01,Current high school juniors (rising seniors); U.S. citizens and international students,0,"Full scholarship — travel, room, board, and all program costs covered","Most selective summer research program in the US. Runs late June through early August. Biology research available. Student must be a current junior (Class of 2027 in the 2026-27 school year). For summer 2027, applications open Nov 2026, deadline ~Dec 2026.",https://www.cee.org/programs/research-science-institute,web,HIGH,site_accessible,False,200,https://www.cee.org/programs/research-science-institute,False,True,False,2026-05-28T01:05:50.540976+00:00
Summer Science Program (SSP),summer_programs,🟢 Watch List,2027-02-01,Current high school juniors (rising seniors); also bright sophomores considered; open to U.S. and international students,6950,Full need-based financial aid available including travel scholarships; no income cutoff,Biochemistry track involves protein-ligand molecular docking for drug discovery. No grades or credits — pure research experience. Applications open December 2026.,https://ssp.org/,web,HIGH,site_accessible,False,200,https://ssp.org/,False,False,False,2026-05-28T01:05:50.540976+00:00
Simons Summer Research Program,summer_programs,🟢 Watch List,2027-02-01,Rising seniors (current juniors); U.S. citizens or permanent residents,0,Fully funded — stipend provided to participants,"Runs approximately June 29 - August 7 (based on 2026 dates). Applications typically open November/December, deadline February. Biology research available through multiple STEM departments.",https://www.stonybrook.edu/simons/,web,HIGH,site_accessible,False,200,https://www.stonybrook.edu/simons/,False,True,False,2026-05-28T01:05:50.540976+00:00
Anson L. Clark Scholars Program,summer_programs,🟢 Watch List,2027-02-15,High school juniors and seniors; must be at least 17 by program start; unweighted GPA 3.5+,0,"Fully funded — room, board, meals covered; $750 tax-free stipend; travel support up to $500","Applications open January, deadline mid-February. Runs approximately June 16 - August 1. Student must turn 17 before program start date.",https://www.depts.ttu.edu/honors/academicsandenrichment/afterschool/clarkscholars/,web,LOW,network_error,True,0,https://www.depts.ttu.edu/honors/academicsandenrichment/afterschool/clarkscholars/,False,False,False,2026-05-28T01:05:50.540976+00:00
NIH High School Summer Internship Program (HS-SIP),summer_programs,🟢 Watch List,2027-02-15,Must be at least 16; U.S. citizen or permanent resident; currently enrolled in high school,0,"Paid — monthly stipend ~$2,000-$2,400 for high school students","Applications open November 2026, deadline February/March 2027. Highly competitive. Students work in NIH intramural research labs alongside professional scientists. CT-based student would need to arrange housing near NIH campus.",https://www.training.nih.gov/programs/hs-sip,web,HIGH,site_accessible,False,200,https://www.training.nih.gov/programs/hs-sip,False,True,True,2026-05-28T01:05:50.540976+00:00
Stanford Institutes of Medicine Summer Research Program (SIMR),summer_programs,🟢 Watch List,2027-02-21,Current juniors or seniors (Classes of 2027 or 2028); must be 16+; U.S. citizen or permanent resident,0,"Free — minimum $500 stipend; up to $2,500 for students with financial need",Runs approximately June 8 - July 30. No housing provided — student must arrange own housing near Stanford if not local. Strong biology/medicine focus. Applications open December 2026.,https://simr.stanford.edu/,web,HIGH,site_accessible,False,200,https://simr.stanford.edu/,False,True,False,2026-05-28T01:05:50.540976+00:00
UChicago Research in the Biological Sciences (RIBS),summer_programs,🟢 Watch List,2027-02-01,Rising juniors and seniors; must have completed at least one year of high school biology; grades 10-12,7650,Need-based financial aid available,"Excellent for deep biology focus. Students present original research at closing symposium. Applications open November 2026, priority deadline early February 2027.",https://ri.uchicago.edu/ribs,web,LOW,network_error,True,0,https://ri.uchicago.edu/ribs,False,False,False,2026-05-28T01:05:50.540976+00:00
Georgetown Law High School Academy,summer_programs,🟢 Watch List,2027-03-01,"Rising sophomores, juniors, and seniors (grades 10-12)",4500,Limited need-based aid available,"Good match for law interest. Based on ~$1,200-$1,500/week residential pricing. Located in Washington DC — can complement biology interest through bioethics/health law exposure. Multiple sessions June through July.",https://www.law.georgetown.edu/high-school-academy/,web,HIGH,site_accessible,False,404,https://www.law.georgetown.edu/high-school-academy/,False,False,True,2026-05-28T01:05:50.540976+00:00
Stanford Pre-Collegiate Summer Institutes,summer_programs,🟢 Watch List,2027-02-01,Grades 8-11; some courses have prerequisites,4550,Need-based financial aid available,"Unique option for biology+law — student could take one biology course and one law course in separate sessions. Applications open December 2026, priority deadline early 2027.",https://spcs.stanford.edu/programs/stanford-pre-collegiate-summer-institutes,web,HIGH,site_accessible,False,200,https://spcs.stanford.edu/programs/stanford-pre-collegiate-summer-institutes,False,False,False,2026-05-28T01:05:50.540976+00:00
Harvard Pre-College Program,summer_programs,🟢 Watch List,2027-02-15,"Rising sophomores, juniors, and seniors; ages 16-19",5300,Need-based financial aid available,"Student could attend one session. May combine with other summer commitments. Non-graded, focus on exploration. Applications typically open December 2026.",https://www.harvard.edu/summer/high-school-programs/,web,HIGH,site_accessible,False,404,https://www.harvard.edu/summer/high-school-programs/,False,False,True,2026-05-28T01:05:50.540976+00:00
Scholastic Art & Writing Awards,writing_humanities,🟢 Watch List,2026-12-15,Grades 7-12,10.0,Fee waivers available for students with financial need via online portal,"Most competitive national writing program for teens. $10/entry. Regional deadlines vary mid-December. National Board accepting submissions for 2026-2027 cycle. National ceremonies at Carnegie Hall in June. Also pathway to National Student Poets Program (grades 10-11, $5,000 scholarship).",https://www.artandwriting.org/,web,HIGH,site_accessible,False,200,https://www.artandwriting.org/,False,False,True,2026-05-28T01:05:50.540976+00:00
John Locke Institute Essay Competition,writing_humanities,🟢 Watch List,2027-05-31,Under 19 years old as of submission deadline; Junior Prize for under 15; Senior Prize for ages 15-18,0.0,Free entry. Late registration $10 USD; late submission extensions available for £25-75 GBP. Travel grants may be awarded.,"One of the most prestigious international essay competitions. Free to enter if registered early. Registration opens ~February, submissions April-May. Academic conference and awards dinner at Oxford in October. AI tools permitted but may negatively affect assessment. One academic referee required. Junior and Senior entries judged separately.",https://www.johnlockeinstitute.com/essay-competition,web,HIGH,site_accessible,False,200,https://www.johnlockeinstitute.com/essay-competition,False,False,True,2026-05-28T01:05:50.540976+00:00
National History Day,writing_humanities,🟢 Watch List,2027-02-15,Grades 6-12,0.0,Many regional affiliates provide fee support or waivers; no national entry fee,"Paper category judged digitally (no on-site presentation). Must use annotated bibliography (primary/secondary sources). Process paper required. Plagiarism detection used. AI-generated text prohibited. School contests typically Feb-Mar, regionals Mar-Apr, state Apr-May, national June. Paper entries do not require on-site attendance at nationals but students attend awards. National contest typically draws ~3,000 participants.",https://www.nhd.org/,web,LOW,bot_wall_detected,True,200,https://www.nhd.org/,False,False,False,2026-05-28T01:05:50.540976+00:00
YoungArts National Arts Competition (Writing),writing_humanities,🟢 Watch List,2026-10-17,"Grades 10-12 or ages 15-18 as of December 1 of application year; US citizens, permanent residents, or legally able to receive taxable income in US with SSN",0.0,Free to apply; scholarships and cash awards,"Highly prestigious with strong college admissions recognition. Application opens ~June, closes ~October. Multiple writing subcategories allowed. Winners can receive up to $10,000. National YoungArts Week in Miami for top winners. Also connects to US Presidential Scholars in the Arts program.",https://youngarts.org/apply,web,HIGH,site_accessible,False,200,https://youngarts.org/apply,False,False,True,2026-05-28T01:05:50.540976+00:00
Bennington College Young Writers Awards,writing_humanities,🟢 Watch List,2026-11-01,Grades 9-12 worldwide,0.0,Free entry. No application fee.,"1st, 2nd, 3rd place winners per category plus Distinguished submissions recognized by grade level. All winners receive cash prizes and scholarships. Grade 12 students must complete Bennington Common/Coalition App first. Grade 9-11 submit directly via entry link. One category only per student.",https://www.bennington.edu/young-writers-awards,web,HIGH,site_accessible,False,200,https://www.bennington.edu/young-writers-awards,False,False,True,2026-05-28T01:05:50.540976+00:00
The Ayn Rand Institute Essay Contests - Anthem,writing_humanities,🟢 Watch List,2027-02-13,"Grades 8-12 worldwide, ages 13+. Must be enrolled in school during contest period.",0.0,Free entry,"Also eligible for Fountainhead contest (deadline April 28, 2027, 1st prize $10,000, grades 11-12) and Atlas Shrugged contest (deadline October 28, 2027, 1st prize $20,000, grades 11-12). Can submit one essay per author per contest period. 800-1,600 words for Fountainhead/Atlas Shrugged. Established program with substantial scholarship prizes.",https://aynrand.org/contests/,web,HIGH,site_accessible,False,200,https://aynrand.org/contests/,False,False,True,2026-05-28T01:05:50.540976+00:00
Princeton University 10-Minute Play Contest,writing_humanities,🟢 Watch List,2026-12-01,Current 11th grade high school students only,0.0,Free entry. Winner receives full scholarship to Princeton Summer Theater Program.,"Very selective (single winner). Not explicitly limited to NJ/tri-state area per most listings. Requires cover page with name, DOB, school, address, phone, email. Prize is full scholarship to 6-week summer theater program + play production. Submit online via Lewis Center for the Arts. Check arts.princeton.edu in fall for exact deadline.",https://arts.princeton.edu/community/opportunities/high-school-playwright-contest,web,HIGH,site_accessible,False,404,https://arts.princeton.edu/community/opportunities/high-school-playwright-contest,False,False,True,2026-05-28T01:05:50.540976+00:00
Foyle Young Poets of the Year Award,writing_humanities,🟢 Watch List,2027-07-31,Ages 11-17 as of July 31 of competition year; open internationally,0.0,Free entry,One of the largest youth poetry competitions globally. 85 winners per year. Publication in prestigious anthology. Top 15 winners receive mentoring and a commendation. Previous winners have gone on to major literary careers. Deadline is always July 31 annually. Winners announced in the fall.,https://poetrysociety.org.uk/competitions/foyle-young-poets-of-the-year-award/,web,HIGH,site_accessible,False,200,https://poetrysociety.org.uk/competitions/foyle-young-poets-of-the-year-award/,False,False,True,2026-05-28T01:05:50.540976+00:00
JASNA Jane Austen Essay Contest,writing_humanities,🟢 Watch List,2027-06-01,Grades 9-12 (High School division); also College and Graduate divisions,0.0,Free entry. No JASNA membership required. Prize includes free lodging at AGM.,"High School division requires characters from one novel or two or more books. College/graduate divisions require at least two novels. 2026 topic: 'Men and Boys in Jane Austen's Novels' (deadline June 1, 2026). 2027 topic announced ~early 2026/2027. Late entries accepted until next morning. No membership required.",https://jasna.org/essay-contest/,web,HIGH,site_accessible,False,200,https://jasna.org/essay-contest/,False,False,True,2026-05-28T01:05:50.540976+00:00
Ocean Awareness Contest,writing_humanities,🟢 Watch List,2027-06-08,"Ages 11-18 worldwide. Two divisions: Junior (11-14) and Senior (15-18). Adult sponsor (teacher, parent, mentor) required.",0.0,Free entry,"Excellent for environmentally-themed writing. Creative Writing and Poetry & Spoken Word categories. Cash awards. Sub-themes include Sustains, Protects, and Inspires. Individual or group entries allowed. Theme changes annually. Also includes Visual Art, Film, Performing Arts, and Interactive & Multimedia categories. 2026 deadline June 8, 2026; 2027 likely similar timeline.",https://bowseat.org/programs/ocean-awareness-contest/,web,LOW,bot_wall_detected,True,200,https://bowseat.org/programs/ocean-awareness-contest/,False,False,False,2026-05-28T01:05:50.540976+00:00
We The Students Essay Contest,writing_humanities,🟢 Watch List,2027-04-15,Grades 9-12 and homeschooled students in the United States,0.0,Free entry,"Civics/constitutional focus. Primary source-based essay. $5,000 first place scholarship. Runner-up and educator prizes also available. Topic released in fall of each year. Good fit for student interested in government, history, or law. Judges look for strong thesis and evidence use.",https://billofrightsinstitute.org/contest/apply/we-the-students-essay-contest,web,HIGH,site_accessible,False,404,https://billofrightsinstitute.org/contest/apply/we-the-students-essay-contest/,False,False,True,2026-05-28T01:05:50.540976+00:00
