name,category,tier,deadline,eligibility,cost,aid,notes,url,source
Connecticut Science & Engineering Fair (CSEF),ct_local,🟢 Watch List,December 1 (high school registration); October 31 (school registration),"Grades 7-12, Connecticut resident or enrolled in CT school (incl. Fishers Island)",Free to enter (nominal school registration fee may apply),,"ISEF-affiliated — top winners advance to Regeneron ISEF. Special awards in biology, medicine, environmental science, engineering. Strong fit for biology interest.",https://ctsciencefair.org/,web
Connecticut Science Olympiad (CTSO),ct_local,🟢 Watch List,Varies by school team registration (typically fall/early winter for spring tournaments),High school students enrolled in a CT school that registers a Science Olympiad team (C Division),School registration fee (modest; varies by team size),,"Team-based competition. Events include Anatomy & Physiology, Cell Biology, Genetics, etc. Strong fit for biology interest. State tournament at UConn.",https://www.ctscioly.org/,web
Connecticut High School Science and Humanities Symposium (CT HSSHS),ct_local,🟢 Watch List,"January 31, 2026 (registration for non-presenters); abstract submission in December",Connecticut high school students with original research projects (all fields including biology and humanities/law-adjacent topics),Free,,Top presenters win cash prizes. Excellent opportunity to present biology or interdisciplinary research at UConn Health in Farmington. 63rd annual symposium in 2026.,https://health.uconn.edu/connecticut-area-health-education-center-network/ct-high-school-science-and-humanities-symposium/,web
UConn Pre-College Summer (PCS),ct_local,🟢 Watch List,Rolling admissions (summer sessions June-August; apply early),"Current high school freshman, sophomore, or junior (age 14-17)","$3,341 - $3,441 residential per session; commuter options available",Limited financial aid available based on merit/need,Offers Pre-Law and Pre-Med: Explore the Medical Field courses — excellent fit for both biology and law interests. Earn college credit options available. Rising 11th graders welcome.,https://precollege-summer.uconn.edu/,web
UConn Pre-College Summer — Pre-Law Course,ct_local,🟢 Watch List,Rolling (summer sessions typically June-August; apply early),"Current high school freshman, sophomore, or junior (age 14-17)","Included in UConn PCS residential tuition (~$3,341-$3,441)",Limited financial aid available,"Excellent for law-interested students. Covers appellate processes, legal reasoning, legal education pathways. CT-based at UConn Storrs.",https://precollege-summer.uconn.edu/courses/pre-law/,web
UConn Pre-College Summer — Pre-Med: Explore the Medical Field,ct_local,🟢 Watch List,Rolling (summer sessions typically June-August; apply early),"Current high school freshman, sophomore, or junior (age 14-17)","Included in UConn PCS residential tuition (~$3,341-$3,441)",Limited financial aid available,Excellent for biology/pre-med interest. Hands-on experience at UConn Health. CT-based.,https://precollege-summer.uconn.edu/courses/pre-med-explore-the-medical-field/,web
Yale Young Global Scholars (YYGS),ct_local,🟢 Watch List,"January 7, 2026 (early action); later rounds may be available",Current high school sophomore or junior (graduating 2027 or 2028); age 16+,"Approximately $6,500 (includes tuition, room, board, activities)",Need-based financial aid available (full or partial),"Prestigious program in New Haven, CT. Offers tracks like Innovations in Science & Technology (biology-adjacent) and Politics, Law & Economics (law-adjacent). Strong fit for both interests.",https://globalscholars.yale.edu/,web
Yale Pathways to Science — Summer Scholars,ct_local,🟢 Watch List,Varies (typically early spring for summer sessions),"New Haven, West Haven, or Orange Public Schools high school students who are Yale Pathways to Science scholars",Free,Fully funded program,Excellent free opportunity but limited to New Haven area public schools. Pathways to Arts & Humanities may suit law interests. Yale Pathways Research Internships (YPRI) also available for advanced students.,https://onha.yale.edu/public-schools-and-youth/yale-pathways-to-science,web
Connecticut Bar Association High School Mock Trial Competition,ct_local,🟢 Watch List,Varies (school teams register in fall; competition runs winter-spring),Connecticut high school students whose school registers a mock trial team,School team registration fee (modest),,"Excellent fit for law interest. Develops courtroom advocacy, public speaking, critical thinking. CT attorneys earn MCLE credit for coaching.",https://www.ctbar.org/members/volunteer-today/civics-education/mock-trial-competitions,web
New England High School Ethics Bowl,ct_local,🟢 Watch List,"Typically fall registration for February competition (e.g., February 7, 2026)",High school students whose school registers an Ethics Bowl team (New England region including CT),School team registration fee (modest),,"Excellent for law/pre-law interest — develops ethical reasoning, argumentation, and public speaking. Accessible from CT.",https://nhseb.org/regionals,web
Connecticut High School Regional Science Bowl,ct_local,🟢 Watch List,"February 28, 2026 (competition date); team registration opens October 2025","CT high school students on registered school teams (max 3 teams per school, 42 teams total)",Free to enter,,Team competition covering all STEM fields including biology. Winners advance to national event in Washington DC. Hosted at UConn.,https://science.osti.gov/wdts/nsb/Regional-Competitions/High-School-Regionals/CT_Connecticut-High-School-Regional-Science-Bowl,web
Quahog Bowl — CT Regional of National Ocean Sciences Bowl,ct_local,🟢 Watch List,Typically February (regional competition date); team registration in fall,CT high school students on registered school teams,Free to enter (school registration),,Excellent for biology/marine science interest. Team competition. Regional winners can advance to NOSB national finals.,https://nosb.org/,web
Northwest Connecticut Regional Science & Engineering Fair (NWCTSEF),ct_local,🟢 Watch List,Varies by school (typically winter for spring fair),Students in grades 7-12 in Northwest Connecticut region (Litchfield County and surrounding areas),Free to enter,,Good entry point for CT students outside the main CSEF pipeline. Provides equitable access to STEM competition.; [DEAD: https://nwctsef.org/],,web
UConn Early College Experience (ECE),ct_local,🟢 Watch List,Per school course registration deadlines (fall and spring semesters),CT high school students at a UConn ECE partner school; permission from ECE instructor and school coordinator,Reduced per-credit fee (significantly cheaper than standard UConn tuition),,"Excellent for earning transferable college credit while in high school. Available in biology, political science/history (law-adjacent), and many other fields. Strong CT-specific academic opportunity.",https://ece.uconn.edu/,web
Connecticut Science Center Teen Programs,ct_local,🟢 Watch List,Rolling throughout the year,Connecticut middle and high school students,Free or low-cost,,"Casual enrichment rather than competitive program. Good for building STEM exposure and networking. Located in Hartford, CT.",https://ctsciencecenter.org/education/teens,web
Hon. Warren W. Eginton Justice Institute — Mock Trial Camp,ct_local,🟢 Watch List,Varies (typically spring registration for summer camp),Connecticut high school students interested in law and the federal court system,Free (court-sponsored program),Fully funded,Excellent for law interest. Hands-on experience in actual federal courthouse. Prepares for mock trial competition. Sponsored by U.S. District Court of CT.,https://www.ctd.uscourts.gov/attend-hon-warren-w-eginton-justice-institute,web
Alexa Cafe at Fairfield University — Girls STEM Program (CT),ct_local,🟢 Watch List,Varies (summer sessions; register early),Girls entering grades 5-12,Varies (paid camp program),May offer limited scholarships,"Focus on STEM for girls. At Fairfield University, CT. Note: student profile is male, so this may not be directly applicable, but listed for completeness of CT STEM offerings.",https://www.mommypoppins.com/connecticut-kids/camps/stem-summer-camps-in-connecticut-science-math-and-computer-fun-for-ct-kids,web
PSAT/NMSQT — Preliminary SAT/National Merit Scholarship Qualifying Test,exams,🟢 Watch List,"October 1–31, 2026 (school-selected date within window); Saturday option: October 17, 2026. Registration through school, typically in late summer/early fall 2026.",Primarily 11th graders (Class of 2028). 10th graders may also take for practice but are not eligible for National Merit recognition.,$18 per student (College Board district/school pricing); some schools cover cost entirely.,Fee waivers available for students on free/reduced lunch via College Board. Schools may also subsidize.,"National Merit Scholarship competition entry point. Over $50M in scholarships annually. Top 57,000 test-takers (approx. top 4%) receive Letters of Commendation; top ~16,000 (top ~1%) become Semifinalists. CT state cutoff for Class of 2027 was around 221-223 Selection Index. Digital test administered on school-provided or personal devices via Bluebook app.",https://satsuite.collegeboard.org/psat-nmsqt/test-dates,web
SAT — Scholastic Assessment Test (Digital),exams,🟢 Watch List,"Fall 2026: Aug 22 (reg ~Jul 23), Sep 12 (reg ~Aug 14), Oct 3 (reg ~Sep 3), Nov 7 (reg ~Oct 7), Dec 5 (reg ~Nov 5). Spring 2027: Mar 6, May 1, Jun 5. Registration deadlines approx 4-5 weeks before each test date. Late registration +$38.",Open to all high school students. No grade restriction. Rising 11th grader (Class of 2028) can begin taking from August 2026 onward.,$68 registration fee ($60 for SAT School Day). Late registration +$38. Change fee +$29. Additional fees for international test centers.,"Fee waivers available for eligible low-income students (up to 2 free SATs, unlimited score sends). Full fee covered for qualifying students.",Digital adaptive format via Bluebook app. Students can use personal laptops/school devices. Official SAT prep available free via Khan Academy. Scores typically release 2-4 weeks after test date. Score Choice allows selective score reporting to colleges.,https://satsuite.collegeboard.org/sat/dates-deadlines,web
ACT — American College Test,exams,🟢 Watch List,"Jul 11, 2026 (reg Jun 5, late Jun 24). Sep 19, 2026 (reg Aug 14, late Sep 1). Oct 17, 2026 (reg Sep 11, late Sep 29). Dec 12, 2026 (reg Nov 6, late Nov 29). Feb 27, 2027 (reg Jan 22, late Feb 9). Apr 10, 2027. Jun 12, 2027. Jul 10, 2027.",Open to all high school students. No grade restriction. Rising 11th grader (Class of 2028) eligible for all listed dates.,"Core ACT (English, Math, Reading): $68. Science add-on: +$4. Writing add-on: +$25. Total with all sections: $97. Late registration: +$42.","Fee waivers available for eligible low-income students (up to 2 free ACTs, unlimited score sends).","Enhanced ACT format launched 2025: shorter test, optional Science section. No test centers scheduled in New York for July test date. Scores typically release 2-8 weeks after test date. Up to 4 free score reports included. ACT.org also offers free official practice test and prep resources.",https://www.act.org/content/act/en/products-and-services/the-act/registration/test-dates.html,web
CLT — Classic Learning Test,exams,🟢 Watch List,"Remotely proctored dates available regularly. Upcoming: Jul 16, 2026 (deadline Jul 9); additional dates in Aug, Oct 17, Dec 2026; Feb, Apr, Jun 2027. Registration deadline typically 1 week before test date. Accommodations requests due 4 weeks prior.",Open to 11th and 12th graders. Rising 11th grader (Class of 2028) is eligible. No minimum grade requirement.,Approximately $50-60 per exam (remotely proctored). In-school pricing may differ. Fee waivers available for eligible students.,Fee waivers available through CLT for students with financial need. Schools may subsidize in-school administration.,2-hour online test. Remotely proctored at home. Scores released within 3 weeks. Unlimited free score sends to colleges. Rising 11th grader can take as early practice or official score. Check target colleges for CLT acceptance before committing.,https://www.cltexam.com/tests/clt/,web
AP Exams — Advanced Placement Exams,exams,🟢 Watch List,May 2027 exams: Expected first two full weeks of May (Mon-Fri). Official 2027 schedule to be released by College Board in fall 2026. Fall 2026 registration deadline set by school AP coordinator (typically November 2026).,Open to any high school student enrolled in the corresponding AP course or approved for self-study. Rising 11th grader (Class of 2028) can take any AP exam for courses they've completed.,"$99 per exam (U.S., Canada, DoDEA schools). $129 per exam (international). $147 for AP Capstone (Seminar/Research). Late fee: +$40 per exam after November ordering deadline. Unused/canceled fee: $40.",Fee reduction of $36 per exam available for students with financial need (free/reduced lunch). Some states/schools offer additional subsidies.,Registration opens in fall 2026 through school AP coordinator. Students must join AP class section in My AP online portal. Exam ordering deadline typically November 2026. Late orders through March 2027 incur $40 late fee per exam. Scores released in July 2027.,https://apcentral.collegeboard.org/exam-administration-ordering-scores/exam-dates,web
Khan Academy Official Digital SAT Prep,exams,🟢 Watch List,"No deadline — self-paced, always available. Ongoing resource starting immediately (summer 2026).",Open to all students at no cost. No grade or school restrictions. Suitable for any student preparing for the digital SAT.,Free ($0). No cost to access any materials.,Completely free — no fee waivers needed. Available to all students regardless of financial need.,"Official partner of College Board. Includes 8+ full-length digital practice tests mirroring the actual Bluebook experience. Auto-generates study plan from PSAT or previous SAT scores. Also offers SAT bootcamps through Schoolhouse.world, a nonprofit founded by Sal Khan, for free peer-to-peer SAT tutoring.",https://www.khanacademy.org/digital-sat,web
Bluebook Digital Practice — College Board Official SAT Practice Tests,exams,🟢 Watch List,No deadline — available year-round. Download the Bluebook app anytime.,Open to all students with a College Board account. No grade or school restrictions.,Free ($0) — included with College Board account.,Free for all students. No financial eligibility requirements.,"Available on Mac, Windows, iPad, and Chromebook. Tests automatically scored with performance breakdowns. Links to Khan Academy for targeted practice on weak areas. Most authentic simulation of actual testing conditions.",https://satsuite.collegeboard.org/practice/practice-tests/bluebook,web
Schoolhouse.world Free SAT Tutoring & Bootcamps,exams,🟢 Watch List,Ongoing — bootcamps run year-round. 4-week bootcamp sessions start regularly. Check website for current schedule.,"Open to all high school students worldwide. No income, school, or grade restrictions.",Free ($0). All tutoring and bootcamp sessions are completely free.,"No cost to any student. Fully free, nonprofit service.","Nonprofit (501c3) founded by Sal Khan of Khan Academy. All tutors are vetted, trained, and background-checked. Sessions recorded for later review. Also offers math, science, and AP tutoring. Highly recommended as a free alternative to paid test prep courses.",https://schoolhouse.world/,web
ACT Free Official Practice Test & Prep Resources,exams,🟢 Watch List,"No deadline — self-paced, always available online.",Open to all students preparing for the ACT.,Free ($0). Official ACT prep resources via act.org.,Free for all students. No financial eligibility required.,Includes free full-length practice test (all sections including optional writing). Daily practice questions via ACT Academy. Kaplan partnership provides free test prep events and strategy sessions. Also offers The Official ACT Prep Guide 2026-2027 for purchase ($30-40) with 4 additional practice tests.,https://www.act.org/content/act/en/products-and-services/the-act/test-preparation.html,web
CLT Free Official Practice Test,exams,🟢 Watch List,No deadline — available anytime after creating a free CLT account.,Open to all students with a free CLT account.,Free ($0). No charge for practice test.,Free for all students. No financial eligibility requirements.,2-hour practice test. Same format and technology as actual CLT. Unlimited free score sends to colleges from actual test. No penalty for taking practice test — scores not reported to colleges.,https://www.cltexam.com/tests/practice-test/,web
CLT10 — Classic Learning Test for 10th Grade,exams,🟢 Watch List,Remotely proctored dates available regularly. In-school testing windows also available. Registration deadline approximately 1 week before test date.,9th and 10th grade students. Rising 11th grader (Class of 2028) would have taken this as a 10th grader — included for completeness.,Approximately $30-50 per exam (remotely proctored). In-school pricing may differ.,Fee waivers may be available through CLT for eligible students.,Prepares students for the full CLT college entrance exam. Similar format and content philosophy. Included for context — not the primary recommended exam for an 11th grader.,https://www.cltexam.com/tests/clt-10/,web
Princeton Review Free SAT/ACT Practice Test & Events,exams,🟢 Watch List,Ongoing — check website for upcoming free practice test dates and events.,Open to all high school students.,Free ($0) for practice test and score report.,Free for all students. No financial eligibility required.,"Practice tests simulate actual testing conditions. Interactive score report identifies strengths and weaknesses. Free strategy sessions available. Optional paid courses ($900-$3,000+) for those seeking structured instruction. No commitment required for free events.",https://www.princetonreview.com/college/free-act-practice-test,web
College Board BigFuture Scholarships,exams,🟢 Watch List,Ongoing monthly drawings. Complete steps throughout high school (starting 9th grade). Each step has its own deadline — check BigFuture dashboard.,Open to all U.S. high school students (grades 9-12) who complete eligible college planning activities on BigFuture. Must have a College Board account.,Free ($0). No cost to participate.,Not need-based. Open to all students regardless of income. $2.5M+ awarded annually in random drawings.,"Not tied to PSAT/SAT scores — completion of actions triggers entries. Monthly drawings for $500-$2,000. Annual $40,000 scholarship drawing. Completing all 6 steps gives maximum entries. Completely free and low-effort opportunity for Class of 2028.; [DEAD: https://bigfuture.collegeboard.org/scholarships-grants-aid]",,web
2026 Summer Nationals & July Challenge,fencing,🟢 Watch List,2026-05-07 (standard registration closed); late registration may have passed,Must be a current USA Fencing competitive member; qualification required for most events (regional points or divisional qualification),Varies by event; USA Fencing membership required (~$75-150/yr) plus event fees (~$60-150 per event),None specified for general participation,"June 27 - July 6, 2026. Portland Convention Center, Portland, OR. Requires qualification through regional points or divisional qualifiers. One of the most important national events of the season.",https://www.usafencing.org/2026-summer-nationals-july-challange,web
October 2026 North American Cup,fencing,🟢 Watch List,TBA (typically ~4-6 weeks before event; priority registration window expected),Current USA Fencing competitive member; open to all eligible age categories,Event registration ~$80-150 per event; USA Fencing membership required,None specified,"October 9-12, 2026. Orlando, FL. First NAC of the 2026-27 season.",https://www.usafencing.org/events-national,web
November 2026 North American Cup,fencing,🟢 Watch List,TBA,Current USA Fencing competitive member,Event registration ~$80-150 per event; USA Fencing membership required,None specified,"November 20-23, 2026. Columbus, OH.",https://www.usafencing.org/news/2026/january/13/two-more-2026-27-season-dates-announced-november-nac-in-columbus-junior-olympics-in-okc,web
2026 Division I & Parafencing National Championship / April NAC,fencing,🟢 Watch List,Passed for 2026 (was ~March 2026),Current USA Fencing competitive member; Division I requires national points or qualifying results,Event registration fees apply,None specified,"Richmond, VA. 2026 edition has passed but returns annually. Watch for 2027 April NAC dates.",https://www.usafencing.org/2026-division-i-parafencing-national-championship-april-north-american-cup,web
2026 March North American Cup,fencing,🟢 Watch List,Passed for 2026,Current USA Fencing competitive member,Event registration fees apply,None specified,"Cleveland, OH. 2026 edition has passed but March NAC returns annually. Typically held in early March.",https://www.usafencing.org/2026-march-north-american-cup,web
SJCC Las Vegas 2026,fencing,🟢 Watch List,Passed for 2026 (was May/June 2026),Current USA Fencing competitive member; Junior (U20) and Cadet (U17) categories,Event registration fees apply,None specified,"June 5-7, 2026 in Las Vegas. SJCC events are held annually in various locations. Watch for 2026-27 SJCC announcements.",https://www.usafencing.org/news/2026-sjcc,web
Neil Lazar RYC/RJCC,fencing,🟢 Watch List,Typically ~2-3 weeks before event date; check USA Fencing regional calendar for 2026-27 dates,"Current USA Fencing competitive member; open to Youth, Cadet, and Junior categories",~$50-80 per event; USA Fencing membership required,None specified,"Held annually in New Haven, CT (Floyd Little Athletic Center). Typically in September or spring. One of the closest regional tournaments for CT fencers. Provides regional points for national qualification.",https://www.ctdivusfa.com/events,web
Star Cup RYC/RJCC,fencing,🟢 Watch List,Typically ~2-3 weeks before event; check USA Fencing regional calendar,"Current USA Fencing competitive member; open to Youth (Y10, Y12, Y14), Cadet, and Junior categories",~$50-80 per event; USA Fencing membership required,None specified,"Danvers, MA (near Boston). Typically held in late summer/early fall. New England regional tournament.",https://www.neusfa.org/event-details-registration/star-cup-ryc-rjcc,web
Thrust Fall RYC/RJCC,fencing,🟢 Watch List,Typically early October for the October event,"Current USA Fencing competitive member; open to Youth, Cadet, and Junior categories",~$50-80 per event; USA Fencing membership required,None specified,"Suffern, NY (Rockland Community College). Typically held in late October. Good regional points opportunity for CT fencers.",https://www.bostonfencingclub.org/bfc-schedule,web
Premier Challenge ROC/RJCC/RYC,fencing,🟢 Watch List,Typically early September for September event,"Current USA Fencing competitive member; open to Youth, Cadet, Junior, and Senior (D1A, D2, Vet) categories",~$60-100 per event depending on category; USA Fencing membership required,None specified,"Suffern, NY (Rockland Community College). Typically held in September. ROC events allow fencers to earn/upgrade ratings.",https://www.usafencing.org/events-regional,web
Capitol Clash SYC/RCC & Y8,fencing,🟢 Watch List,Typically mid-December for January event,Current USA Fencing competitive member; SYC for Y10/Y12/Y14; RCC for Cadet,~$80-120 per event; USA Fencing membership required,None specified,"National Harbor, MD (near Washington DC). Annually in January (MLK weekend). SYC events provide national points important for national qualification.",https://capitolclash.org/,web
Boston Fencing Club RJCC,fencing,🟢 Watch List,Varies; check USA Fencing regional calendar,Current USA Fencing competitive member; Cadet (U17) and Junior (U20) categories,~$50-80 per event; USA Fencing membership required,None specified,"Boston, MA. Hosted at Boston Fencing Club. Multiple dates throughout the season.",https://www.askfred.net/tournaments/24d67332-d5b0-4443-b953-ce04a7a12e70,web
New England Division U20/U17 JO Qualifiers (NEUSFA),fencing,🟢 Watch List,"Typically early fall; ~$40 regular entry, $80 late","New England Division (includes CT) fencers only; U.S. citizens or permanent residents. Cadet (U17, born 2009+) and Junior (U20, born 2006+) categories.","$40 regular entry fee, $80 late entry fee",None specified,Hosted by Boston Fencing Club. Typically held in October (check 2026-27 schedule). Required qualification pathway for Junior Olympics.,https://www.neusfa.org/,web
Rockland Fencers Club Sleepaway Camp at Avon Old Farms,fencing,🟢 Watch List,"Early registration ends May 24, 2026",All levels; all three weapons,"$1,550 early registration (by 5/24/26); $1,650 regular registration (after 5/25/26); $150 sibling discount",$150 sibling discount available,"August 2-9, 2026. Avon Old Farms School, Avon, CT. Fully air-conditioned gym. Sleepaway camp.",https://www.rocklandfencersclub.com/summer-camp,web
Vivo-Marx Foil/Epee Summer Sleepaway Camp,fencing,🟢 Watch List,Early pricing by April 1; regular pricing April 2-June 1; late registration after June 1,Fencers ages 12-17; foil and epee only,"$1,700 early registration; $1,800 regular (April 2-June 1); $1,900 late registration",None specified,"Rumsey Hall School, Washington Depot, CT. Foil and epee focus. Elite coaching staff. Summer 2026 (dates TBC - check website).",https://www.marxfencingacademy.com/summer-sleepaway-2026,web
Tim Morehouse Sleep-Away Fencing Camp at St. Mark's School,fencing,🟢 Watch List,TBA (typically fills up; early registration recommended),All levels; all three weapons; typically ages 10-18,"~$2,000-3,000 (estimated based on similar premier camps)",Check with camp for any available aid,"August 2-16, 2026. St. Mark's School, Southborough, MA (~1.5 hours from CT). 30+ Ivy League coaches attend. College Coaches & Olympians themed camp.",https://www.timmorehousefencing.com/sleep-away-fencing-camp,web
NYFA International Summer Sleep-Away Fencing Camp,fencing,🟢 Watch List,Registration open; early bird pricing available,Ages 10+ with at least 1 year of fencing experience; intermediate to advanced; epee focus,"$2,200-2,800 per session (estimated); 6 free private lessons with 3 sessions; free rafting trip with 2 sessions",Free private lessons for multi-session registrants; free rafting trip for 2-session registrants,"Storm King School, Cornwall-On-Hudson, NY (~2 hours from CT). Session 1: July 12-21; Session 2: July 22-31; Session 3: August 1-10, 2026. Primarily epee focused. Elite international coaching.",https://fencenyfa.com/nyfa-sleep-away-fencing-camps/,web
"Tim Morehouse Fencing Club Summer Day Camps - New Canaan, CT",fencing,🟢 Watch List,Rolling registration; early booking recommended,All levels; all ages,~$500-800 per week (estimated); discounted rates for new students,50% off first week for new students (promotional),"New Canaan, CT location. Summer 2026 day camp. Multiple weeks available. Also has locations in Port Chester, NY (Westchester).",https://www.timmorehousefencing.com/,web
Olympia Fencing Center Summer Camps,fencing,🟢 Watch List,Rolling; registration typically opens in spring,Various levels; beginner to advanced,~$400-700 per week (estimated),None specified,"Cambridge, MA. Offers beginner/intermediate camps and pre-nationals advanced clinics. Multiple weeks available July 2026.",https://olympiafencingcenter.com/fencing-summer-camps/,web
Boston Fencing Club Summer Learn-to-Fence Clinics,fencing,🟢 Watch List,Rolling registration,Ages 6-17; beginner-friendly,~$300-500 per week (estimated),None specified,"Boston, MA. Summer 2026. Ages 12-17: August 10-14, 2026.",https://bostonfencingclub.square.site/,web
Bay State Games Fencing,fencing,🟢 Watch List,Typically June/July; check website,Open to New England residents; various age categories,~$50-80 entry fee,None specified,Held annually in summer. Good regional competition opportunity accessible from CT.,https://www.baystategames.org/fencing,web
Boston Junior Sabre World Cup,fencing,🟢 Watch List,"Passed for 2026 (was January 16-18, 2026)",Junior (U20) sabre fencers; international competition; typically requires national team selection or high national ranking,International event fees apply,None specified,"Boston, MA. Annual event in January. Elite international competition. Sabre only.",https://www.usafencing.org/junior-saber-world-cup,web
Regeneron Science Talent Search (Regeneron STS),general_competitions,🟢 Watch List,"November 5, 2026 (8pm ET) for the 2027 cycle",High school seniors in the US and its territories. Open regardless of citizenship — any student living in and attending their final year of secondary school in the US may apply.,Free — no application or participation fee at any stage,"Top 300 Scholars receive $2,000 each. Top 40 Finalists compete for $1.8M+; first place $250,000, remaining finalists receive at least $25,000 each.","Approximately 2,600 students enter annually. 300 named Scholars, 40 selected as Finalists. Holistic review process. Sponsored by Regeneron through 2036 ($150M commitment).",https://www.societyforscience.org/regeneron-sts/,web
Davidson Fellows Scholarship,general_competitions,🟢 Watch List,February 11 (2026 cycle). 2027 application opens Fall 2026 with a similar February deadline.,18 years old or younger as of the application deadline. US citizen or permanent resident residing in the United States. Must have completed a significant work/project demonstrating exceptional achievement.,Free application,"$100,000 (up to 5 awards), $50,000 (up to 5 awards), $25,000 (up to 10 awards) — approximately 20 awardees annually.","Administered by the Davidson Institute for Talent Development. Requires a substantial project, portfolio, or body of work. Highly competitive; recognizes extraordinary young talent.",https://www.davidsongifted.org/gifted-programs/fellows-scholarship/,web
U.S. Presidential Scholars Program,general_competitions,🟢 Watch List,Application materials due by March 12 (2026 cycle). State nominations occur in preceding fall/winter (November-December).,"US citizen or Legal Permanent Resident. Graduating between January and August of the program year. Invitation-only via: (1) extremely high SAT/ACT scores, (2) Chief State School Officer nomination, or (3) national recognition in arts (YoungArts) or CTE.",Free — no application fee,"No monetary award. Recognition includes an expenses-paid trip to Washington, D.C. and a medallion at a ceremony (currently virtual/hybrid format in recent years). Prestigious honor that strengthens college applications.","No monetary scholarship but nationally prestigious honor. Recognizing academic achievement, leadership, and community service. Historically included White House ceremony and travel to DC.",https://www.ed.gov/grants-and-programs/recognition-programs/us-presidential-scholars-program,web
Regeneron International Science and Engineering Fair (ISEF),general_competitions,🟢 Watch List,Varies by affiliated fair (typically fall/spring). ISEF Global Finals held in May. Must qualify through an affiliated regional or state fair.,"Grades 9-12 (or equivalent), under 20 as of May 1 of competition year. Must win top honors at an official ISEF-affiliated science fair to qualify.",Free to enter affiliated fairs. Finalist travel and registration costs typically covered by the affiliated fair organization.,"Millions in awards: top Gordon E. Moore Award ($75,000), Intel Foundation Young Scientist Awards ($50,000 each), category best ($5,000+), and numerous special awards from professional societies.",Organized by Society for Science. Sponsored by Regeneron. Highly competitive international event. Students must start at the local/regional affiliated fair level. Multiple award categories.,https://www.societyforscience.org/isef/,web
National High School Mock Trial Championship,law_civics,🟢 Watch List,"April 30, 2027 (2027 registration); varies by state qualification",High school students on state champion mock trial teams,"$200 membership fee + $500 tournament registration fee (per team, through state org)","Limited, varies by state",Only available after winning CT state championship. Travel and lodging required. Premier national mock trial event.,https://www.nationalmocktrial.org/,web
Empire Mock Trial,law_civics,🟢 Watch List,Rolling (courtesy deadline for Fall 2026 programs ongoing),"High school students, grades 9-12","$2,500 per program",Limited scholarships available,Highly regarded program based in NYC (commutable from CT). Builds trial advocacy skills. Multiple sessions throughout the year.,https://empiremocktrial.org/,web
We the People: The Citizen and the Constitution (CT State Finals),law_civics,🟢 Watch List,Fall 2026 (for 2026-2027 season),"CT high school students, grades 9-12, participating through school class/club",Free (curriculum provided; minimal school costs),Some travel aid for national finals,"CT has strong We the People programs at several high schools (Trumbull, Staples, Greenwich). National Finals in DC (April 2027). Excellent constitutional law experience.",https://ctdemocracycenter.org/our-programs/we-the-people/,web
We the People: National Finals,law_civics,🟢 Watch List,April 2027 (through state qualification),Winning teams from state We the People competitions,Varies (school covers travel to DC),Some support available through Center for Civic Education,CT teams have placed well (Trumbull placed 8th nationally in 2026). Requires winning CT state finals first.,https://www.civiced.org/we-the-people/national-competitions/finals,web
American Legion Oratorical Contest (CT),law_civics,🟢 Watch List,Local contests typically held Dec-Feb; state final March 2027,"High school students, grades 9-12, public/private/ homeschool",Free,"National scholarships: $20,000-$25,000; state-level awards also available",Excellent constitutional law and public speaking opportunity. CT students have done well in recent years. National prizes substantial.,https://www.legion.org/scholarships/oratorical,web
NSDA National Speech & Debate Tournament,law_civics,🟢 Watch List,March-June 2026 (district qualification varies; at-large applications due April 1),High school students at NSDA-member schools,$149/year school membership; $20 student NSDA membership; tournament fees vary,15% discount on entry fees for staying in NSDA hotel block,Premier debate competition. Congressional Debate (model congress) is most law-relevant. Many CT high schools have NSDA chapters.,https://www.speechanddebate.org/national-tournament-2026/,web
National Association of Moot Court (NAMC) High School Competition,law_civics,🟢 Watch List,"Regional tournaments: March 2026 (Berkeley virtual Mar 13-14, DC Mar 21-22); next season Fall 2026","High school students, grades 9-12",$80-$120 per team for regional tournaments,N/A,Focused on appellate advocacy and constitutional law. Can participate as independent team or through school. Virtual regionals available.,https://www.namcmootcourt.org/,web
High School Moot Court Association (HSMCA),law_civics,🟢 Watch List,Spring 2027 (qualifying tournaments),"High school students, any background",Modest registration fee (exact amount TBD on website),N/A,Great option for CT students as most rounds are online. National championship is in-person. Focus on constitutional appellate arguments.,https://hsmca.org/,web
YMCA Youth and Government (Connecticut),law_civics,🟢 Watch List,"Registration typically opens August; CT HS Assembly November 13, 2026","CT high school students, grades 9-12",Varies by YMCA (typically $200-400 per participant for state conference),Financial aid available through local YMCA chapters,"Hands-on model legislature and court experience. Students can serve as attorneys in mock trial or appellate arguments. National competition in Austin, TX for top participants.",https://www.ymcayag.org/ct/,web
YMCA National Judicial Competition (NJC),law_civics,🟢 Watch List,"May 31, 2026 (registration for 2026 NJC)",High school students in YMCA Youth and Government programs,"$800 (includes hotel triple occupancy, two meals/day, activities)",Some aid through local YMCA,"Requires prior participation in CT YMCA Youth & Government. Travel to Austin, TX. Excellent appellate advocacy experience.",https://www.ymcayag.org/njc/,web
Columbia Undergraduate Law Review (CULR) High School Essay Contest,law_civics,🟢 Watch List,Typically spring (exact date varies annually),Current high school students worldwide (recent graduates not eligible),Free,N/A (non-monetary prize - publication and recognition),"Free to enter. Excellent for building a pre-law resume. Winning essay published. Past topics include due process, free speech, and judicial philosophy.",https://www.culawreview.org/high-school-essay-contest,web
Constituting America We The Future Contest,law_civics,🟢 Watch List,"May 31, 2027 (annual deadline)","U.S. citizens or legal residents, grades 9-12, ages 14-19",Free,N/A (recognition-based contest),Flexible categories (not just essays). Can showcase multiple talents. Year-long window gives ample preparation time.,https://constitutingamerica.org/contest-categories-new/,web
CBA LAW Camp (Connecticut Bar Association),law_civics,🟢 Watch List,Spring 2027 (application typically opens in March/April),CT high school students enrolled for 2026-27 academic year,Free,N/A (program is free),"Excellent free program at UConn Law in Hartford. July 6-10, 2026 dates. Day camp (no overnight). Provides exposure to legal profession and mock trial experience.",https://www.ctbar.org/public/k-12/law-camp,web
Penn Carey Law Pre-College Academy,law_civics,🟢 Watch List,Rolling admissions (typically closes when full),"High school students, grades 9-12","$9,899 (residential) / $6,299 (commuter)",Limited need-based and merit scholarships available (Philadelphia students priority),"Most prestigious high school pre-law program. July 12-31, 2026 (residential). Genuine law school experience. Travel to Philadelphia required.",https://www.law.upenn.edu/academics/legaleducationprograms/pre-college-summer.php,web
Harvard Pre-College Program (Law & Government Courses),law_civics,🟢 Watch List,"Early: Jan 7, 2026; Regular: Feb 11, 2026; Late: Apr 1, 2026 (for summer 2026)","High school students entering college in 2027 or 2028, at least 16 by June 20, 2026","$6,100 (includes tuition, room, meals)",Need-based scholarships available,"Prestigious program. Can select law-related courses. No grades/credit reduces pressure. Near CT in Cambridge, MA.",https://summer.harvard.edu/high-school-programs/pre-college-program/,web
NSLC on Law & Advocacy,law_civics,🟢 Watch List,Rolling (programs fill up),High school students (rising 9th-12th graders),"$4,095-$4,395 depending on campus",Limited scholarships available,"Multiple locations including Yale (New Haven, CT). Hands-on trial advocacy. Sessions typically 6-9 days. National reputation.",https://www.nslcleaders.org/youth-leadership-programs/law-advocacy/,web
Georgetown University Law Academy (Summer High School),law_civics,🟢 Watch List,Rolling admissions (typically May 2026 for summer sessions),"High school students, grades 9-12","Varies (one-week programs ~$3,000-$5,000 range)",Limited financial aid available,"Located in Washington, D.C. near Supreme Court and federal courts. Excellent law focus. Multiple sessions available.",https://summer.georgetown.edu/programs/SHS16/law-academy/,web
"Justice For All — Second Circuit Student Contests (CT, NY, VT)",law_civics,🟢 Watch List,Varies by contest (typically during school year),"Middle and high school students in NY, CT, and VT",Free,N/A,"CT students eligible through federal circuit jurisdiction. Run by U.S. Court of Appeals for the Second Circuit. Includes moot court, mock trial, and essay competitions.",https://justiceforall.ca2.uscourts.gov/student-contests/,web
Maimonides Moot Court High School Competition,law_civics,🟢 Watch List,Registration open for 2026-27 cycle,"High school students, grades 9-12",Varies (online cohort available at lower cost),Some financial aid available,Unique blend of legal and ethical reasoning. Online option available for CT students. Includes Shabbaton weekend for in-person participants.,https://maimonidesmootcourt.org/,web
Coolidge Scholarship,scholarships,🟢 Watch List,Typically March-April of junior year (2026 cycle closes ~March 2026 for Class of 2027; 2027 cycle for Class of 2028 TBD in spring 2027),Current high school juniors planning to enroll full-time at an accredited U.S. college or university as an undergraduate for the first time in fall of senior year plus one year,Free to apply,"Full-ride scholarship: covers full tuition, room, board, and required fees at any accredited U.S. college or university",One of the most prestigious undergraduate scholarships in the country. Students in their junior year of high school are eligible to apply. Application typically opens in fall of junior year.,https://coolidgescholars.org/,web
Cameron Impact Scholarship,scholarships,🟢 Watch List,"Applications typically open spring of junior year and close when 3,000 applications received or by May 1 of junior year",Current high school juniors with a minimum 3.7 unweighted GPA who plan to enroll full-time at an accredited U.S. college or university,Free to apply,Full-tuition scholarship for four years of undergraduate study,"Only ~15 students selected nationally each year. Must apply early as applications close once 3,000 are received. Focus on impact-driven leadership.; [DEAD: https://www.bryancameronef.org/]",,web
USPAACC College Scholarships (CelebrASIAN),scholarships,🟢 Watch List,"Typically March-April of senior year (2026 deadline was ~March 18, 2026)",High school seniors of Asian or Pacific Island heritage who are U.S. citizens or permanent residents,Free to apply,"$3,000 to $5,000",Over $2 million in scholarships awarded since 1989. Strong fit for Indian American / South Asian students.,https://uspaacc.com/programs/education/college-scholarships,web
OCA-UPS Gold Mountain Scholarship,scholarships,🟢 Watch List,Typically March of senior year,Asian or Pacific Islander high school seniors who are first-generation college students (first in immediate family to complete a college degree),Free to apply,"$2,000",OCA has provided over 160 scholarships through this program. Geared toward first-gen AAPI students.,https://www.ocanational.org/scholarships,web
APAHA (Asian Pacific American Heritage Association) Scholarship,scholarships,🟢 Watch List,Varies; typically spring,Students pursuing education beyond high school who demonstrate commitment to Asian American and Pacific Islander heritage and community,Free to apply,"Minimum $1,000","Houston-based organization but scholarships may be open nationally. Min award $1,000.",https://www.apaha.org/scholarship,web
Hue Ta Asian American Mental Health Scholarship,scholarships,🟢 Watch List,"December 8, 2026",Asian American high school and college students who demonstrate commitment to mental health and disability advocacy in the AAPI community,Free to apply,"$1,000 (estimated)",Niche scholarship for students interested in mental health advocacy within Asian American communities.,https://www.financialaidfinder.com/hue-ta-asian-american-scholarship-2026/,web
Taco Bell Live Más Scholarship,scholarships,🟢 Watch List,Typically January-March each year,"High school seniors and students pursuing higher education in the U.S. or Puerto Rico, ages 16-26",Free to apply,"Up to $25,000 (various award amounts)",Unique scholarship that values passion and purpose over grades. Accepts video applications.,https://tacobellfoundation.org/live-mas-scholarship/eligibilityfaq/,web
USA Biology Olympiad (USABO),science_math,🟢 Watch List,2026-11-08,"High school students graduating in 2026, 2027, or 2028; must be at least 15 years old as of January 1 of competition year and not turn 19 before July 31 of competition year",$125 per school registration fee + $5 per student (school must register first; individual cost covered by school),National Finalists receive travel and lodging for finals; no financial aid needed for earlier rounds,"School registration opens August 1, 2026. School registration and payment deadline is November 8, 2026. Open Exam typically early February, Semifinal Exam early March, National Finals in June. Strongly recommended for biology-focused students. Top 20 finalists get all-expenses-paid trip to National Finals at a host university (recently Purdue, Harvard).",https://usabo-trc.org/,web
AMC 10/12 (American Mathematics Competitions),science_math,🟢 Watch List,2026-10-15,AMC 10: students in grade 10 or below. AMC 12: students in grade 12 or below. Both: must be under 19.5 years of age on competition day.,"Early bird $55 (by Sept 30, 2026), Regular $75 (by Oct 15, 2026), Late $115 (by Oct 28, 2026, returning managers only)",No direct financial aid; some schools cover fees,"Competition dates: AMC 10A/12A on November 5, 2026; AMC 10B/12B on November 13, 2026. Registration through school's competition manager. Considered the gateway to the US Math Olympiad pipeline. Top 5% on AMC 12 or top 2.5% on AMC 10 qualify for AIME.",https://maa.org/amcreg/,web
AIME (American Invitational Mathematics Examination),science_math,🟢 Watch List,"Invitation-only; based on AMC 10/12 performance (AMC results released ~December 2026, AIME typically held February 2027)",Top ~2.5% of AMC 10 scorers and top ~5% of AMC 12 scorers nationally. Invitation is automatic through MAA.,No additional cost beyond AMC registration for qualifiers,None needed; free to qualifying students,"AIME I typically held in early February; AIME II in mid-February (students take whichever doesn't conflict with school schedule). AMC + AIME score determines USAMO/USAJMO qualification. Strong performance opens doors to top-tier math camps (Ross, PROMYS, SUMaC, etc.).",https://maa.org/maa-invitational-competitions/,web
National Science Bowl (NSB) — Connecticut Regional,science_math,🟢 Watch List,2027-01-31,High school students on teams from CT schools. Maximum 3 teams per school. Up to 5 students per team.,Registration fee varies by region; typically $50-150 per team,"National finalists receive travel stipends to Washington, DC","2026 CT Regional was February 28, 2026 (max 42 teams). 2027 dates TBD but typically late Feb. 2027 National Finals: April 29 - May 3, 2027. CT has a dedicated regional competition. Biology questions are a major category. Good complement to other science competitions.",https://science.osti.gov/wdts/nsb,web
BioGENEius Challenge,science_math,🟢 Watch List,2027-01-31,High school students in grades 9-12 from the United States,Varies by state partner; typically minimal or no cost,Finalists receive travel support and recognition at the international competition,2026 entries closed. 2027 cycle typically opens in fall 2026. Students present original research in biotechnology. International competition is held annually (2024 was in NYC at BioFuture Conference). Very strong alignment with biology research interests. Cash prizes for winners.,https://biotechinstitute.org/biogeneius/,web
Genes in Space,science_math,🟢 Watch List,,Students in grades 7-12 in the United States,Free to enter,Winner's experiment launched to ISS; prizes include lab equipment and supplies,2026 contest closed. Next contest announced in fall 2026. Students design a PCR-based DNA experiment to solve a space exploration problem. Winning team works with scientists to prepare their experiment for launch. Excellent for biology + space/engineering crossover interests. No cost to participate.,https://www.genesinspace.org/,web
USA Computing Olympiad (USACO),science_math,🟢 Watch List,Rolling — first contest typically early December 2026,Open to all middle and high school students worldwide (for participation). US students eligible for national team selection.,Free to enter,Free; no financial aid needed,"Four contests per season: December, January, February, and March (each 3-4 days long). Each contest has 3 problems in 4-5 hours. Relevant for computational biology — programming skills increasingly valuable in bioinformatics. Free and self-paced. Also selects US team for European Girls' Olympiad in Informatics (EGOI) for top female students.",https://usaco.org/,web
Research Science Institute (RSI),summer_programs,🟢 Watch List,Mid-December (typically Dec 10-15); check 2027 dates,Rising high school seniors (entering last year); must be 16+ by July 1 of program year; US citizens and permanent residents; strong academic background in STEM,Free,"Fully funded — all educational, housing, and dining expenses covered. Travel to/from MIT not covered.",The most prestigious high school STEM research program in the US. 6 weeks at MIT. Co-sponsored by CEE and MIT. Applications open to 11th graders. Strong match for biology interest.,https://www.cee.org/programs/research-science-institute,web
Summer Science Program (SSP),summer_programs,🟢 Watch List,Late January/early February (international: Jan 24; US: late Jan); check for 2027,"Current high school juniors; completed relevant coursework (e.g., chemistry for biochemistry track); ages 15-19 during program","$4,300 - $9,800 (sliding scale; maximum all-inclusive fee for high-income families)","Free for families with income ≤$75,000; financial aid grants meeting 100% demonstrated need available covering tuition, room, board, and travel","One of the oldest and most prestigious pre-college STEM programs (since 1959). Conducted at multiple university campuses nationwide. High-income families pay max fee of ~$9,800. ~30-36 students per campus.",https://ssp.org/,web
Stanford Institutes of Medicine Summer Research Program (SIMR),summer_programs,🟢 Watch List,Late February (typically ~Feb 22); check for 2027,Current high school junior or senior at US high school (graduating classes of 2026 or 2027); strong academic record; US citizen or permanent resident,Free,Free to attend; minimum $500+ stipend provided (higher for underrepresented students). $40 application fee (waivers available).,"Highly selective (~4-5% acceptance rate). 8 weeks, full-time in Stanford Medicine labs. One of the best biomedical research programs for high schoolers. Stipend provided.",https://simr.stanford.edu/,web
NIH High School Summer Internship Program (HS-SIP),summer_programs,🟢 Watch List,March 1 (typically); check for 2027,High school students; must be 17+ by June of program year; US citizen or permanent resident; enrolled in high school,Paid (stipend provided),Stipend provided; amount varies by education level. No tuition.,No direct housing provided — students arrange own accommodation or commute. Extremely valuable for biomedical research experience. One of the best government science internships.,https://www.training.nih.gov/research-training/pb/sip/,web
Simons Summer Research Program,summer_programs,🟢 Watch List,Early February (typically Feb 1-8); check for 2027,Current 11th graders (high school juniors); strong academic record; no prior research experience required,Free,Fully funded; students receive a stipend. No tuition or program fees.,6-week program on Stony Brook campus. Supported by Simons Foundation. Includes a research symposium at end. One of the top free STEM research programs.,https://www.stonybrook.edu/simons/,web
Anson L. Clark Scholars Program,summer_programs,🟢 Watch List,Mid-February (typically ~Feb 16); check for 2027,Must be at least 17 by program start date; graduating in 2026 or 2027; US citizens or permanent residents,Free,"Free tuition, room, board; $750 stipend provided; travel costs not covered",One of the most prestigious fully-funded research programs. Highly selective. Strong for biology research.,https://www.depts.ttu.edu/clarkscholars/,web
"MITES Summer (MIT Introduction to Technology, Engineering, and Science)",summer_programs,🟢 Watch List,February 1; check for 2027,High school juniors; US citizen or permanent resident; strong academic record; designed for students from underrepresented or underserved backgrounds,Free,"Free — all educational, food, and boarding costs covered. Students only pay transportation to/from MIT.",6-week residential at MIT. Free of charge. Highly selective. Strong STEM focus. Considered a 'feeder' to top college admissions. Formerly called MITES (Minority Introduction).,https://mites.mit.edu/discover-mites/mites-summer/,web
Notre Dame Leadership Seminars,summer_programs,🟢 Watch List,Mid-January (typically ~Jan 17); check for 2027,Current high school juniors; academically talented; demonstrated community leadership; US citizens/permanent residents preferred,Free,"Fully funded — tuition, housing, and meals paid by University of Notre Dame. Travel costs not covered.",10-day program. Does not specifically focus on biology or law but the 'Global Issues' or 'Environment' tracks could align with interests. Highly prestigious free program.,https://precollege.nd.edu/leadership-seminars/,web
Brown University Summer@Brown Pre-College Program,summer_programs,🟢 Watch List,Rolling; ~April 30 for most courses; check for 2027,Grades 9-12; ages 15-18; strong academic standing,"$3,748 - $10,858 (varies by course length and number of courses)",Limited need-based financial aid available,"Flexible format — can take 1, 2, or more weeks. Open Curriculum allows combining interests. On-campus residential experience in Providence, RI.",https://precollege.brown.edu/programs/summerbrown,web
UCLA Mock Trial Summer Institute,summer_programs,🟢 Watch List,Rolling; typically spring; check for 2027,High school students (grades 9-12),"~$2,595 (residential); ~$1,595 (commuter); ~$995 (virtual)",Not typically available,1-week program. Focuses on competitive mock trial skills. Excellent for law-interested students. Residential option on UCLA campus.,https://www.mocktrialinstitute.com/,web
National Student Leadership Conference (NSLC) — Law & Advocacy / Marine Biology,summer_programs,🟢 Watch List,Rolling (typically fills early); check for 2027,High school students entering grades 9-12,"~$4,495 per program (includes housing, meals, activities)",Some need-based scholarships available,9-12 day programs at multiple university campuses. Law & Advocacy at American/Georgetown in DC. Marine Biology at Yale or other locations. Less selective but offers tangible experience.,https://www.nslcleaders.org/,web
Yale Summer Session — Pre-College,summer_programs,🟢 Watch List,Rolling (typically ~April for summer courses); check for 2027,High school juniors and seniors; academically strong; instructor permission required for some courses,"~$5,480 per course (tuition only); room/board additional ~$2,500",Limited financial aid available for pre-college students,5-9 week residential or online option. Courses are actual Yale undergraduate courses — high-achieving students can earn college credit. Good for both biology and law interests.,https://summer.yale.edu/apply/pre-college-students,web
Rockefeller University Summer Science Research Program (SSRP),summer_programs,🟢 Watch List,Late January/early February; check for 2027,High school students (typically juniors and seniors); strong science background,Free,Free; stipend may be available for some participants,7-week program in NYC. Focuses on biomedical lab research. Free of charge. Limited to ~24 students. Strong match for biology interest.; [DEAD: https://www.rockefeller.edu/outreach/high-school/summer-science-research-program/],,web
Secondary Student Training Program (SSTP) — University of Iowa,summer_programs,🟢 Watch List,Early February; check for 2027,Grades 10-11; strong academic record; genuine interest in STEM research,"~$6,000+ (tuition, room, board); varies annually",Some scholarships available based on need and merit,5-week residential at University of Iowa. One-on-one faculty mentorship in real research labs. Includes final research symposium and paper.,https://belinblank.education.uiowa.edu/programs/sstp/,web
Scholastic Art & Writing Awards,writing_humanities,🟢 Watch List,"Regional deadlines Dec 1, 2025 – Jan 2026 (varies by region)","Students in grades 7-12, ages 13+","$10 per individual entry, $30 per portfolio (fee waivers available for financial need)","National scholarships $500–$12,500; Gold/ Silver/ American Voices/ National Medal recognition","Fee waivers available if cost is a barrier — no eligibility restriction beyond self-attestation of need. Categories include: Critical Essay, Dramatic Script, Flash Fiction, Humor, Journalism, Personal Essay & Memoir, Poetry, Science Fiction & Fantasy, Short Story, Novel Writing, and more.",https://www.artandwriting.org/,web
National History Day,writing_humanities,🟢 Watch List,"Regional contests Jan–Mar 2026; National registration Apr 15–May 19, 2026; National Contest June 14-18, 2026",Students in grades 6-12,Free (some regional contests may charge nominal fees),"Scholarships, cash prizes, and recognition at national level","Paper category is the primary writing option. Also has exhibit, documentary, performance, and website categories. Highly regarded for college applications.",https://nhd.org/en/contest/,web
Bennington College Young Writers Awards,writing_humanities,🟢 Watch List,November 1 annually,Students in grades 10-12,Free,"Nine $60,000 scholarships ($10,000/year for 4 years) to Bennington College; $500 prizes for 2nd/3rd place in each category",Prizes are scholarships to Bennington College specifically. One submission per student in one category only.,https://www.bennington.edu/events/young-writers-awards,web
JASNA Jane Austen Essay Contest,writing_humanities,🟢 Watch List,"June 1, 2026",High school students (enrolled at high school level during contest year); also college and graduate divisions,Free,"First place $1,000, second $500, third $250; winning essays published in JASNA newsletter",Highly specific topic each year. Essays must relate to Jane Austen's works. Winners also receive JASNA membership.,https://jasna.org/programs/essay-contest/,web
JFK Profile in Courage Essay Contest,writing_humanities,🟢 Watch List,"January 12, 2026",US high school students in grades 9-12,Free,"First prize $10,000; second $3,000; third $1,000; five finalists $500 each","700-1,000 words. Bibliography required. Very prestigious — often cited as one of the top essay contests for college admissions.; [URL may block bots: https://www.jfklibrary.org/learn/education/profile-in-courage-essay-contest]",https://www.jfklibrary.org/learn/education/profile-in-courage-essay-contest,web
New York Times Student Summer Reading Contest,writing_humanities,🟢 Watch List,"Summer Reading: June 5 – Aug 14, 2026 (ongoing weekly winners)",Students ages 11-19 (middle/high school),Free,Publication in The New York Times,"NYT runs multiple contests year-round: Student Editorial Contest (Feb-Mar 2026), Review Contest (Apr-May 2026), Open Letters Contest (Mar 2026), and others. Winners published in NYT.",https://www.nytimes.com/spotlight/learning-contests,web
Poetry Out Loud,writing_humanities,🟢 Watch List,"School-level competitions fall 2025; Registration by Jan 16, 2026; National Finals Apr 29, 2026",High school students (grades 9-12),Free,"$20,000 total scholarship awards at national finals; state prizes vary","This is a recitation competition, not creative writing. However, it's a major humanities contest with strong college admissions weight. Requires school participation.",https://www.poetryoutloud.org/,web
YoungArts National Arts Competition (Writing),writing_humanities,🟢 Watch List,"October 8, 2025 (for 2026 awards cycle)","Ages 15-18 or grades 10-12 (as of Dec 1, 2025); US citizens, permanent residents, or able to receive taxable income in US","Free ($35 application fee, fee waivers available)","Up to $10,000 cash awards; mentorship; performance/exhibition opportunities",Very prestigious. Winners become eligible for US Presidential Scholars in the Arts program. May apply in multiple categories.,https://youngarts.org/discipline/writing/,web
River of Words International Poetry & Art Contest,writing_humanities,🟢 Watch List,"January 31, 2026","Students ages 5-19 (pre-K through high school, not yet in college)",Free,"Winners published in anthology, showcased on website, receive certificates",Environmental/place-based theme. Both poetry and art categories. Non-cash prizes but good for portfolio building.,https://www.stmarys-ca.edu/academics/schools/kalmanovitz-school-of-education/centers-institutes/center-environmental-literacy/river-of-words,web
Ayn Rand Anthem Essay Contest,writing_humanities,🟢 Watch List,Typically February/March annually (check website),Students ages 13+ (grades 8-12 recommended),Free,"First prize $2,000; additional prizes of $500, $250, $100, $50","Separate contests for Anthem, The Fountainhead (grades 11-12), and Atlas Shrugged (high school-college). Fountainhead top prize $10,000; Atlas Shrugged top prize $25,000.",https://aynrand.org/students/essay-contests,web
Ayn Rand The Fountainhead Essay Contest,writing_humanities,🟢 Watch List,Typically April annually (check website),Students in grades 11-12 worldwide,Free,"First prize $10,000; additional prizes of $2,000, $1,000, $500, $100","One of the most lucrative essay contests. Essay must be 800-1,600 words. Also has Atlas Shrugged contest for high school through graduate level.",https://aynrand.org/students/essay-contests/fountainhead,web
Ayn Rand Atlas Shrugged Essay Contest,writing_humanities,🟢 Watch List,"July 31, 2026","High school, undergraduate, and graduate students worldwide",Free,"First prize $25,000; additional prizes of $5,000, $2,000, $1,000, $500","Largest cash prize of any high school essay contest. 800-1,600 word essay required.",https://aynrand.org/students/essay-contests/atlas-shrugged,web
The Adroit Prizes for Poetry & Prose,writing_humanities,🟢 Watch List,"May 1, 2026 (extended to May 12, 2026)",Secondary (high school) and undergraduate students worldwide,Free,$200 cash prizes plus publication in The Adroit Journal,"One prize each in Poetry and Prose. Can submit up to 5 poetry packets (6 poems each) and/or 5 prose packets (3 pieces each, up to 3,500 words). Very selective and prestigious.",https://theadroitjournal.org/adroit-prizes/,web
Patricia Grodd Poetry Prize for Young Writers,writing_humanities,🟢 Watch List,November 1-30 annually (exact dates TBA for 2026),High school sophomores and juniors worldwide,Free,Publication in The Kenyon Review; full scholarship to Kenyon Review Young Writers Workshop,Very competitive. One poem submission per entrant. Strong literary reputation.,https://kenyonreview.org/fellowship/,web
Bow Seat Ocean Awareness Contest,writing_humanities,🟢 Watch List,"June 8, 2026",Students ages 11-18 enrolled in middle/high school worldwide,Free,"Up to $1,500 cash awards; publication; recognition","Multiple categories: poetry, creative writing, film, art, music, and more. Environmental theme. Good for portfolio building.",https://bowseat.org/,web
Foyle Young Poets of the Year Award,writing_humanities,🟢 Watch List,"July 31, 2026",Ages 11-17 worldwide,Free,Publication in anthology; poetry book bundles; 15 winners and 85 commended poets selected,International competition. Submit up to 6 poems. Highly regarded in literary circles. Winners announced in autumn.,https://foyleyoungpoets.org/,web
VFW Voice of Democracy Audio Essay Contest,writing_humanities,🟢 Watch List,"November 1, 2026",High school students in grades 9-12,Free,"First place national $30,000 scholarship; state prizes range from $1,000-$15,000",30% of scoring is based on oral delivery. Patriotic/conservative theme. Huge scholarship prizes at national level.,https://www.vfw.org/community/youth-and-education/youth-scholarships,web
AFSA National High School Essay Contest,writing_humanities,🟢 Watch List,Typically April (2026 cycle: check website),High school students (grades 9-12),Free,"First prize $2,500; second $1,250; third $750; honorable mentions $500",Focus on foreign policy and diplomacy. Essays judged by Foreign Service officers and USIP experts.,https://afsa.org/essay-contest,web
Stossel in the Classroom Essay Contest,writing_humanities,🟢 Watch List,TBD (check website; typically spring),Middle and high school students,Free,"Over $12,000 in total prizes across middle and high school divisions","Libertarian/free-market perspective. Essays should demonstrate research, critical thinking, and persuasive writing skills.",https://stosselintheclassroom.org/essay-contest/,web
EngineerGirl Writing Contest,writing_humanities,🟢 Watch List,"February 1, 2026","Students in grades 3-12 (three categories: elementary, middle, high school)",Free,Cash prizes ($500 first place per category),More science/engineering focused but builds writing portfolio. Co-hosted with NAE's EngineerGirl program.,https://www.engineergirl.org/,web
Write the World Monthly Writing Competitions,writing_humanities,🟢 Watch List,Rolling (monthly deadlines),High school students (ages 13-18),Free,Publication; expert feedback; cash prizes vary,"Ongoing monthly format — can enter many times. Also offers free writing resources, workshops, and peer review.",https://writetheworld.org/,web
NAACP ACT-SO Competition (Writing Categories),writing_humanities,🟢 Watch List,"Varies by local branch (local competition spring 2026; nationals Jul 15-19, 2026)",African American high school students,Free,Gold/silver/bronze medals; scholarships at national level; recognition,Ethnic-specific program for African American students. Local branch participation required. Writing is one of 33 competition categories.; [DEAD: https://naacp.org/programs/act-so],,web
